-- Adminer 3.3.3 MySQL dump

SET NAMES utf8;
SET foreign_key_checks = 0;
SET time_zone = 'SYSTEM';
SET sql_mode = 'NO_AUTO_VALUE_ON_ZERO';

DROP TABLE IF EXISTS `acos`;
CREATE TABLE `acos` (
  `id` int(10) unsigned NOT NULL AUTO_INCREMENT,
  `parent_id` int(10) DEFAULT NULL,
  `model` varchar(255) COLLATE utf8_czech_ci DEFAULT '',
  `foreign_key` int(10) unsigned DEFAULT NULL,
  `alias` varchar(255) COLLATE utf8_czech_ci DEFAULT '',
  `lft` int(10) DEFAULT NULL,
  `rght` int(10) DEFAULT NULL,
  PRIMARY KEY (`id`)
) ENGINE=InnoDB DEFAULT CHARSET=utf8 COLLATE=utf8_czech_ci;

INSERT INTO `acos` (`id`, `parent_id`, `model`, `foreign_key`, `alias`, `lft`, `rght`) VALUES
(1,	NULL,	NULL,	NULL,	'controllers',	1,	758),
(2,	1,	NULL,	NULL,	'Pages',	2,	17),
(3,	2,	NULL,	NULL,	'display',	3,	4),
(4,	2,	NULL,	NULL,	'add',	5,	6),
(5,	2,	NULL,	NULL,	'edit',	7,	8),
(6,	2,	NULL,	NULL,	'index',	9,	10),
(7,	2,	NULL,	NULL,	'view',	11,	12),
(8,	2,	NULL,	NULL,	'delete',	13,	14),
(9,	1,	NULL,	NULL,	'Addresses',	18,	37),
(10,	9,	NULL,	NULL,	'user_add',	19,	20),
(11,	9,	NULL,	NULL,	'user_edit',	21,	22),
(12,	9,	NULL,	NULL,	'user_delete',	23,	24),
(13,	9,	NULL,	NULL,	'add',	25,	26),
(14,	9,	NULL,	NULL,	'edit',	27,	28),
(15,	9,	NULL,	NULL,	'index',	29,	30),
(16,	9,	NULL,	NULL,	'view',	31,	32),
(17,	9,	NULL,	NULL,	'delete',	33,	34),
(18,	1,	NULL,	NULL,	'AddressTypes',	38,	59),
(19,	18,	NULL,	NULL,	'user_index',	39,	40),
(20,	18,	NULL,	NULL,	'user_add',	41,	42),
(21,	18,	NULL,	NULL,	'user_edit',	43,	44),
(22,	18,	NULL,	NULL,	'user_delete',	45,	46),
(23,	18,	NULL,	NULL,	'add',	47,	48),
(24,	18,	NULL,	NULL,	'edit',	49,	50),
(25,	18,	NULL,	NULL,	'index',	51,	52),
(26,	18,	NULL,	NULL,	'view',	53,	54),
(27,	18,	NULL,	NULL,	'delete',	55,	56),
(28,	1,	NULL,	NULL,	'Anniversaries',	60,	81),
(29,	28,	NULL,	NULL,	'user_index',	61,	62),
(30,	28,	NULL,	NULL,	'user_add',	63,	64),
(31,	28,	NULL,	NULL,	'user_edit',	65,	66),
(32,	28,	NULL,	NULL,	'user_delete',	67,	68),
(33,	28,	NULL,	NULL,	'add',	69,	70),
(34,	28,	NULL,	NULL,	'edit',	71,	72),
(35,	28,	NULL,	NULL,	'index',	73,	74),
(36,	28,	NULL,	NULL,	'view',	75,	76),
(37,	28,	NULL,	NULL,	'delete',	77,	78),
(38,	1,	NULL,	NULL,	'AnniversaryActions',	82,	95),
(39,	38,	NULL,	NULL,	'add',	83,	84),
(40,	38,	NULL,	NULL,	'edit',	85,	86),
(41,	38,	NULL,	NULL,	'index',	87,	88),
(42,	38,	NULL,	NULL,	'view',	89,	90),
(43,	38,	NULL,	NULL,	'delete',	91,	92),
(44,	1,	NULL,	NULL,	'AnniversaryTypes',	96,	117),
(45,	44,	NULL,	NULL,	'user_index',	97,	98),
(46,	44,	NULL,	NULL,	'user_add',	99,	100),
(47,	44,	NULL,	NULL,	'user_edit',	101,	102),
(48,	44,	NULL,	NULL,	'user_delete',	103,	104),
(49,	44,	NULL,	NULL,	'add',	105,	106),
(50,	44,	NULL,	NULL,	'edit',	107,	108),
(51,	44,	NULL,	NULL,	'index',	109,	110),
(52,	44,	NULL,	NULL,	'view',	111,	112),
(53,	44,	NULL,	NULL,	'delete',	113,	114),
(54,	1,	NULL,	NULL,	'BusinessPartners',	118,	149),
(55,	54,	NULL,	NULL,	'user_index',	119,	120),
(56,	54,	NULL,	NULL,	'user_view',	121,	122),
(57,	54,	NULL,	NULL,	'user_add',	123,	124),
(58,	54,	NULL,	NULL,	'user_edit',	125,	126),
(59,	54,	NULL,	NULL,	'user_delete',	127,	128),
(60,	54,	NULL,	NULL,	'add',	129,	130),
(61,	54,	NULL,	NULL,	'edit',	131,	132),
(62,	54,	NULL,	NULL,	'index',	133,	134),
(63,	54,	NULL,	NULL,	'view',	135,	136),
(64,	54,	NULL,	NULL,	'delete',	137,	138),
(65,	1,	NULL,	NULL,	'BusinessSessions',	150,	185),
(66,	65,	NULL,	NULL,	'user_index',	151,	152),
(67,	65,	NULL,	NULL,	'user_view',	153,	154),
(68,	65,	NULL,	NULL,	'user_add',	155,	156),
(69,	65,	NULL,	NULL,	'user_invite',	157,	158),
(70,	65,	NULL,	NULL,	'user_close',	159,	160),
(71,	65,	NULL,	NULL,	'user_storno',	161,	162),
(72,	65,	NULL,	NULL,	'filter_not_checked',	163,	164),
(73,	65,	NULL,	NULL,	'add',	165,	166),
(74,	65,	NULL,	NULL,	'edit',	167,	168),
(75,	65,	NULL,	NULL,	'index',	169,	170),
(76,	65,	NULL,	NULL,	'view',	171,	172),
(77,	65,	NULL,	NULL,	'delete',	173,	174),
(78,	1,	NULL,	NULL,	'BusinessSessionStates',	186,	207),
(79,	78,	NULL,	NULL,	'user_index',	187,	188),
(80,	78,	NULL,	NULL,	'user_add',	189,	190),
(81,	78,	NULL,	NULL,	'user_edit',	191,	192),
(82,	78,	NULL,	NULL,	'user_delete',	193,	194),
(83,	78,	NULL,	NULL,	'add',	195,	196),
(84,	78,	NULL,	NULL,	'edit',	197,	198),
(85,	78,	NULL,	NULL,	'index',	199,	200),
(86,	78,	NULL,	NULL,	'view',	201,	202),
(87,	78,	NULL,	NULL,	'delete',	203,	204),
(88,	1,	NULL,	NULL,	'BusinessSessionTypes',	208,	229),
(89,	88,	NULL,	NULL,	'user_index',	209,	210),
(90,	88,	NULL,	NULL,	'user_add',	211,	212),
(91,	88,	NULL,	NULL,	'user_edit',	213,	214),
(92,	88,	NULL,	NULL,	'user_delete',	215,	216),
(93,	88,	NULL,	NULL,	'add',	217,	218),
(94,	88,	NULL,	NULL,	'edit',	219,	220),
(95,	88,	NULL,	NULL,	'index',	221,	222),
(96,	88,	NULL,	NULL,	'view',	223,	224),
(97,	88,	NULL,	NULL,	'delete',	225,	226),
(98,	1,	NULL,	NULL,	'ContactPeople',	230,	253),
(99,	98,	NULL,	NULL,	'user_index',	231,	232),
(100,	98,	NULL,	NULL,	'user_view',	233,	234),
(101,	98,	NULL,	NULL,	'user_add',	235,	236),
(102,	98,	NULL,	NULL,	'user_edit',	237,	238),
(103,	98,	NULL,	NULL,	'user_delete',	239,	240),
(104,	98,	NULL,	NULL,	'add',	241,	242),
(105,	98,	NULL,	NULL,	'edit',	243,	244),
(106,	98,	NULL,	NULL,	'index',	245,	246),
(107,	98,	NULL,	NULL,	'view',	247,	248),
(108,	98,	NULL,	NULL,	'delete',	249,	250),
(109,	1,	NULL,	NULL,	'Costs',	254,	275),
(110,	109,	NULL,	NULL,	'user_view',	255,	256),
(111,	109,	NULL,	NULL,	'user_add',	257,	258),
(112,	109,	NULL,	NULL,	'user_edit',	259,	260),
(113,	109,	NULL,	NULL,	'user_delete',	261,	262),
(114,	109,	NULL,	NULL,	'add',	263,	264),
(115,	109,	NULL,	NULL,	'edit',	265,	266),
(116,	109,	NULL,	NULL,	'index',	267,	268),
(117,	109,	NULL,	NULL,	'view',	269,	270),
(118,	109,	NULL,	NULL,	'delete',	271,	272),
(119,	1,	NULL,	NULL,	'Documents',	276,	297),
(120,	119,	NULL,	NULL,	'user_add',	277,	278),
(121,	119,	NULL,	NULL,	'user_rename',	279,	280),
(122,	119,	NULL,	NULL,	'user_delete',	281,	282),
(123,	119,	NULL,	NULL,	'add',	283,	284),
(124,	119,	NULL,	NULL,	'edit',	285,	286),
(125,	119,	NULL,	NULL,	'index',	287,	288),
(126,	119,	NULL,	NULL,	'view',	289,	290),
(127,	119,	NULL,	NULL,	'delete',	291,	292),
(128,	1,	NULL,	NULL,	'Impositions',	298,	333),
(129,	128,	NULL,	NULL,	'user_index',	299,	300),
(130,	128,	NULL,	NULL,	'user_view',	301,	302),
(131,	128,	NULL,	NULL,	'user_add',	303,	304),
(132,	128,	NULL,	NULL,	'user_edit',	305,	306),
(133,	128,	NULL,	NULL,	'user_storno',	307,	308),
(134,	128,	NULL,	NULL,	'add',	309,	310),
(135,	128,	NULL,	NULL,	'edit',	311,	312),
(136,	128,	NULL,	NULL,	'index',	313,	314),
(137,	128,	NULL,	NULL,	'view',	315,	316),
(138,	128,	NULL,	NULL,	'delete',	317,	318),
(139,	1,	NULL,	NULL,	'ImpositionStates',	334,	355),
(140,	139,	NULL,	NULL,	'user_index',	335,	336),
(141,	139,	NULL,	NULL,	'user_add',	337,	338),
(142,	139,	NULL,	NULL,	'user_edit',	339,	340),
(143,	139,	NULL,	NULL,	'user_delete',	341,	342),
(144,	139,	NULL,	NULL,	'add',	343,	344),
(145,	139,	NULL,	NULL,	'edit',	345,	346),
(146,	139,	NULL,	NULL,	'index',	347,	348),
(147,	139,	NULL,	NULL,	'view',	349,	350),
(148,	139,	NULL,	NULL,	'delete',	351,	352),
(149,	1,	NULL,	NULL,	'Offers',	356,	377),
(150,	149,	NULL,	NULL,	'user_view',	357,	358),
(151,	149,	NULL,	NULL,	'user_add',	359,	360),
(152,	149,	NULL,	NULL,	'user_edit',	361,	362),
(153,	149,	NULL,	NULL,	'user_delete',	363,	364),
(154,	149,	NULL,	NULL,	'add',	365,	366),
(155,	149,	NULL,	NULL,	'edit',	367,	368),
(156,	149,	NULL,	NULL,	'index',	369,	370),
(157,	149,	NULL,	NULL,	'view',	371,	372),
(158,	149,	NULL,	NULL,	'delete',	373,	374),
(159,	1,	NULL,	NULL,	'Users',	378,	413),
(160,	159,	NULL,	NULL,	'user_login',	379,	380),
(161,	159,	NULL,	NULL,	'user_index',	381,	382),
(162,	159,	NULL,	NULL,	'user_setting',	383,	384),
(163,	159,	NULL,	NULL,	'user_logout',	385,	386),
(164,	159,	NULL,	NULL,	'user_add',	387,	388),
(165,	159,	NULL,	NULL,	'user_edit',	389,	390),
(166,	159,	NULL,	NULL,	'user_delete',	391,	392),
(167,	159,	NULL,	NULL,	'user_initAcl',	393,	394),
(168,	159,	NULL,	NULL,	'add',	395,	396),
(169,	159,	NULL,	NULL,	'edit',	397,	398),
(170,	159,	NULL,	NULL,	'index',	399,	400),
(171,	159,	NULL,	NULL,	'view',	401,	402),
(172,	159,	NULL,	NULL,	'delete',	403,	404),
(173,	1,	NULL,	NULL,	'UserRegions',	414,	435),
(174,	173,	NULL,	NULL,	'user_index',	415,	416),
(175,	173,	NULL,	NULL,	'user_add',	417,	418),
(176,	173,	NULL,	NULL,	'user_edit',	419,	420),
(177,	173,	NULL,	NULL,	'user_delete',	421,	422),
(178,	173,	NULL,	NULL,	'add',	423,	424),
(179,	173,	NULL,	NULL,	'edit',	425,	426),
(180,	173,	NULL,	NULL,	'index',	427,	428),
(181,	173,	NULL,	NULL,	'view',	429,	430),
(182,	173,	NULL,	NULL,	'delete',	431,	432),
(183,	1,	NULL,	NULL,	'UserTypes',	436,	449),
(184,	183,	NULL,	NULL,	'add',	437,	438),
(185,	183,	NULL,	NULL,	'edit',	439,	440),
(186,	183,	NULL,	NULL,	'index',	441,	442),
(187,	183,	NULL,	NULL,	'view',	443,	444),
(188,	183,	NULL,	NULL,	'delete',	445,	446),
(189,	65,	'',	NULL,	'user_edit',	175,	176),
(190,	159,	NULL,	NULL,	'user_regenerate_password',	405,	406),
(191,	159,	NULL,	NULL,	'user_generate_password',	407,	408),
(192,	159,	NULL,	NULL,	'user_confirm',	409,	410),
(193,	54,	NULL,	NULL,	'user_search',	139,	140),
(194,	65,	NULL,	NULL,	'user_seach',	177,	178),
(195,	65,	NULL,	NULL,	'user_search',	179,	180),
(196,	54,	NULL,	NULL,	'user_xls_export',	141,	142),
(197,	65,	NULL,	NULL,	'user_xls_export',	181,	182),
(198,	9,	NULL,	NULL,	'user_xls_export',	35,	36),
(199,	128,	NULL,	NULL,	'user_xls_export',	319,	320),
(200,	98,	NULL,	NULL,	'user_xls_export',	251,	252),
(201,	1,	NULL,	NULL,	'BusinessSessionsContactPeople',	450,	463),
(202,	201,	NULL,	NULL,	'user_xls_export',	451,	452),
(203,	201,	NULL,	NULL,	'add',	453,	454),
(204,	201,	NULL,	NULL,	'edit',	455,	456),
(205,	201,	NULL,	NULL,	'index',	457,	458),
(206,	201,	NULL,	NULL,	'view',	459,	460),
(207,	201,	NULL,	NULL,	'delete',	461,	462),
(208,	109,	NULL,	NULL,	'user_xls_export',	273,	274),
(209,	2,	NULL,	NULL,	'user_xls_export',	15,	16),
(210,	173,	NULL,	NULL,	'user_xls_export',	433,	434),
(211,	44,	NULL,	NULL,	'user_xls_export',	115,	116),
(212,	149,	NULL,	NULL,	'user_xls_export',	375,	376),
(213,	183,	NULL,	NULL,	'user_xls_export',	447,	448),
(214,	88,	NULL,	NULL,	'user_xls_export',	227,	228),
(215,	38,	NULL,	NULL,	'user_xls_export',	93,	94),
(216,	18,	NULL,	NULL,	'user_xls_export',	57,	58),
(217,	139,	NULL,	NULL,	'user_xls_export',	353,	354),
(218,	119,	NULL,	NULL,	'user_xls_export',	293,	294),
(219,	28,	NULL,	NULL,	'user_xls_export',	79,	80),
(220,	159,	NULL,	NULL,	'user_xls_export',	411,	412),
(221,	78,	NULL,	NULL,	'user_xls_export',	205,	206),
(222,	54,	NULL,	NULL,	'user_edit_user',	143,	144),
(223,	1,	NULL,	NULL,	'ImpositionsUsers',	464,	477),
(224,	223,	NULL,	NULL,	'user_xls_export',	465,	466),
(225,	223,	NULL,	NULL,	'add',	467,	468),
(226,	223,	NULL,	NULL,	'edit',	469,	470),
(227,	223,	NULL,	NULL,	'index',	471,	472),
(228,	223,	NULL,	NULL,	'view',	473,	474),
(229,	223,	NULL,	NULL,	'delete',	475,	476),
(230,	128,	NULL,	NULL,	'assigned_impositions',	321,	322),
(231,	1,	NULL,	NULL,	'MailTemplates',	478,	499),
(232,	231,	NULL,	NULL,	'user_index',	479,	480),
(233,	231,	NULL,	NULL,	'user_add',	481,	482),
(234,	231,	NULL,	NULL,	'user_edit',	483,	484),
(235,	231,	NULL,	NULL,	'user_del',	485,	486),
(236,	231,	NULL,	NULL,	'user_xls_export',	487,	488),
(237,	231,	NULL,	NULL,	'add',	489,	490),
(238,	231,	NULL,	NULL,	'edit',	491,	492),
(239,	231,	NULL,	NULL,	'index',	493,	494),
(240,	231,	NULL,	NULL,	'view',	495,	496),
(241,	231,	NULL,	NULL,	'delete',	497,	498),
(242,	128,	NULL,	NULL,	'user_ending',	323,	324),
(243,	1,	NULL,	NULL,	'SolutionStates',	500,	521),
(244,	243,	NULL,	NULL,	'user_index',	501,	502),
(245,	243,	NULL,	NULL,	'user_add',	503,	504),
(246,	243,	NULL,	NULL,	'user_edit',	505,	506),
(247,	243,	NULL,	NULL,	'user_delete',	507,	508),
(248,	243,	NULL,	NULL,	'user_xls_export',	509,	510),
(249,	243,	NULL,	NULL,	'add',	511,	512),
(250,	243,	NULL,	NULL,	'edit',	513,	514),
(251,	243,	NULL,	NULL,	'index',	515,	516),
(252,	243,	NULL,	NULL,	'view',	517,	518),
(253,	243,	NULL,	NULL,	'delete',	519,	520),
(254,	1,	NULL,	NULL,	'Solutions',	522,	543),
(255,	254,	NULL,	NULL,	'user_xls_export',	523,	524),
(256,	254,	NULL,	NULL,	'add',	525,	526),
(257,	254,	NULL,	NULL,	'edit',	527,	528),
(258,	254,	NULL,	NULL,	'index',	529,	530),
(259,	254,	NULL,	NULL,	'view',	531,	532),
(260,	254,	NULL,	NULL,	'delete',	533,	534),
(261,	254,	NULL,	NULL,	'user_solve',	535,	536),
(262,	254,	NULL,	NULL,	'user_delete',	537,	538),
(263,	254,	NULL,	NULL,	'user_edit',	539,	540),
(264,	1,	NULL,	NULL,	'ImpositionPeriods',	544,	565),
(265,	264,	NULL,	NULL,	'user_index',	545,	546),
(266,	264,	NULL,	NULL,	'user_add',	547,	548),
(267,	264,	NULL,	NULL,	'user_edit',	549,	550),
(268,	264,	NULL,	NULL,	'user_delete',	551,	552),
(269,	264,	NULL,	NULL,	'user_xls_export',	553,	554),
(270,	264,	NULL,	NULL,	'add',	555,	556),
(271,	264,	NULL,	NULL,	'edit',	557,	558),
(272,	264,	NULL,	NULL,	'index',	559,	560),
(273,	264,	NULL,	NULL,	'view',	561,	562),
(274,	264,	NULL,	NULL,	'delete',	563,	564),
(275,	128,	NULL,	NULL,	'user_delete',	325,	326),
(276,	54,	NULL,	NULL,	'user_ares_search',	145,	146),
(277,	128,	NULL,	NULL,	'generate',	327,	328),
(278,	128,	NULL,	NULL,	'notify',	329,	330),
(279,	128,	NULL,	NULL,	'user_notify',	331,	332),
(280,	119,	NULL,	NULL,	'user_add_from_web',	295,	296),
(281,	65,	NULL,	NULL,	'user_delete',	183,	184),
(282,	254,	NULL,	NULL,	'repair',	541,	542),
(283,	1,	NULL,	NULL,	'Products',	566,	589),
(284,	283,	NULL,	NULL,	'user_index',	567,	568),
(285,	283,	NULL,	NULL,	'user_xls_export',	569,	570),
(286,	283,	NULL,	NULL,	'add',	571,	572),
(287,	283,	NULL,	NULL,	'edit',	573,	574),
(288,	283,	NULL,	NULL,	'index',	575,	576),
(289,	283,	NULL,	NULL,	'view',	577,	578),
(290,	283,	NULL,	NULL,	'delete',	579,	580),
(291,	1,	NULL,	NULL,	'ProductsTransactions',	590,	605),
(292,	291,	NULL,	NULL,	'user_xls_export',	591,	592),
(293,	291,	NULL,	NULL,	'add',	593,	594),
(294,	291,	NULL,	NULL,	'edit',	595,	596),
(295,	291,	NULL,	NULL,	'index',	597,	598),
(296,	291,	NULL,	NULL,	'view',	599,	600),
(297,	291,	NULL,	NULL,	'delete',	601,	602),
(298,	1,	NULL,	NULL,	'StoreItems',	606,	623),
(299,	298,	NULL,	NULL,	'user_xls_export',	607,	608),
(300,	298,	NULL,	NULL,	'add',	609,	610),
(301,	298,	NULL,	NULL,	'edit',	611,	612),
(302,	298,	NULL,	NULL,	'index',	613,	614),
(303,	298,	NULL,	NULL,	'view',	615,	616),
(304,	298,	NULL,	NULL,	'delete',	617,	618),
(305,	1,	NULL,	NULL,	'Transactions',	624,	643),
(306,	305,	NULL,	NULL,	'user_xls_export',	625,	626),
(307,	305,	NULL,	NULL,	'add',	627,	628),
(308,	305,	NULL,	NULL,	'edit',	629,	630),
(309,	305,	NULL,	NULL,	'index',	631,	632),
(310,	305,	NULL,	NULL,	'view',	633,	634),
(311,	305,	NULL,	NULL,	'delete',	635,	636),
(312,	1,	NULL,	NULL,	'TransactionTypes',	644,	665),
(313,	312,	NULL,	NULL,	'user_xls_export',	645,	646),
(314,	312,	NULL,	NULL,	'add',	647,	648),
(315,	312,	NULL,	NULL,	'edit',	649,	650),
(316,	312,	NULL,	NULL,	'index',	651,	652),
(317,	312,	NULL,	NULL,	'view',	653,	654),
(318,	312,	NULL,	NULL,	'delete',	655,	656),
(319,	1,	NULL,	NULL,	'Units',	666,	687),
(320,	319,	NULL,	NULL,	'user_xls_export',	667,	668),
(321,	319,	NULL,	NULL,	'add',	669,	670),
(322,	319,	NULL,	NULL,	'edit',	671,	672),
(323,	319,	NULL,	NULL,	'index',	673,	674),
(324,	319,	NULL,	NULL,	'view',	675,	676),
(325,	319,	NULL,	NULL,	'delete',	677,	678),
(326,	283,	NULL,	NULL,	'user_add',	581,	582),
(327,	283,	NULL,	NULL,	'user_edit',	583,	584),
(328,	283,	NULL,	NULL,	'user_delete',	585,	586),
(329,	319,	NULL,	NULL,	'user_index',	679,	680),
(330,	319,	NULL,	NULL,	'user_add',	681,	682),
(331,	319,	NULL,	NULL,	'user_edit',	683,	684),
(332,	319,	NULL,	NULL,	'user_delete',	685,	686),
(333,	312,	NULL,	NULL,	'user_index',	657,	658),
(334,	312,	NULL,	NULL,	'user_add',	659,	660),
(335,	312,	NULL,	NULL,	'user_edit',	661,	662),
(336,	312,	NULL,	NULL,	'user_delete',	663,	664),
(337,	1,	NULL,	NULL,	'DeliveryNotes',	688,	715),
(338,	337,	NULL,	NULL,	'admin_index',	689,	690),
(339,	337,	NULL,	NULL,	'user_add',	691,	692),
(340,	337,	NULL,	NULL,	'user_xls_export',	693,	694),
(341,	337,	NULL,	NULL,	'add',	695,	696),
(342,	337,	NULL,	NULL,	'edit',	697,	698),
(343,	337,	NULL,	NULL,	'index',	699,	700),
(344,	337,	NULL,	NULL,	'view',	701,	702),
(345,	337,	NULL,	NULL,	'delete',	703,	704),
(346,	337,	NULL,	NULL,	'user_index',	705,	706),
(347,	54,	NULL,	NULL,	'user_autocomplete_list',	147,	148),
(348,	283,	NULL,	NULL,	'user_autocomplete_list',	587,	588),
(349,	337,	NULL,	NULL,	'user_edit',	707,	708),
(350,	337,	NULL,	NULL,	'user_delete',	709,	710),
(351,	305,	NULL,	NULL,	'user_index',	637,	638),
(352,	1,	NULL,	NULL,	'Sales',	716,	737),
(353,	352,	NULL,	NULL,	'user_index',	717,	718),
(354,	352,	NULL,	NULL,	'user_xls_export',	719,	720),
(355,	352,	NULL,	NULL,	'add',	721,	722),
(356,	352,	NULL,	NULL,	'edit',	723,	724),
(357,	352,	NULL,	NULL,	'index',	725,	726),
(358,	352,	NULL,	NULL,	'view',	727,	728),
(359,	352,	NULL,	NULL,	'delete',	729,	730),
(360,	337,	NULL,	NULL,	'user_view_pdf',	711,	712),
(361,	352,	NULL,	NULL,	'user_add',	731,	732),
(362,	352,	NULL,	NULL,	'user_edit',	733,	734),
(363,	352,	NULL,	NULL,	'user_delete',	735,	736),
(364,	305,	NULL,	NULL,	'user_edit',	639,	640),
(365,	305,	NULL,	NULL,	'user_delete',	641,	642),
(366,	298,	NULL,	NULL,	'user_index',	619,	620),
(367,	291,	NULL,	NULL,	'user_delete',	603,	604),
(368,	337,	NULL,	NULL,	'view_pdf',	713,	714),
(369,	1,	NULL,	NULL,	'BusinessPartnerNotes',	738,	757),
(370,	369,	NULL,	NULL,	'user_add',	739,	740),
(371,	369,	NULL,	NULL,	'user_edit',	741,	742),
(372,	369,	NULL,	NULL,	'user_delete',	743,	744),
(373,	369,	NULL,	NULL,	'user_xls_export',	745,	746),
(374,	369,	NULL,	NULL,	'add',	747,	748),
(375,	369,	NULL,	NULL,	'edit',	749,	750),
(376,	369,	NULL,	NULL,	'index',	751,	752),
(377,	369,	NULL,	NULL,	'view',	753,	754),
(378,	369,	NULL,	NULL,	'delete',	755,	756),
(379,	298,	NULL,	NULL,	'user_pdf_export',	621,	622);

DROP TABLE IF EXISTS `address_types`;
CREATE TABLE `address_types` (
  `id` int(10) unsigned NOT NULL AUTO_INCREMENT,
  `created` datetime NOT NULL,
  `modified` datetime NOT NULL,
  `name` varchar(100) COLLATE utf8_czech_ci NOT NULL,
  `just_one` tinyint(1) NOT NULL DEFAULT '0',
  PRIMARY KEY (`id`)
) ENGINE=InnoDB DEFAULT CHARSET=utf8 COLLATE=utf8_czech_ci;

INSERT INTO `address_types` (`id`, `created`, `modified`, `name`, `just_one`) VALUES
(1,	'2011-01-25 09:27:55',	'2011-01-25 09:27:55',	'sídla',	1),
(3,	'2011-01-25 18:45:03',	'2011-01-25 18:45:03',	'fakturační',	1),
(4,	'2011-01-25 18:45:11',	'2011-01-25 18:45:11',	'zasílací',	1),
(5,	'2011-01-25 18:45:20',	'2011-01-25 18:45:20',	'pobočky',	0);

DROP TABLE IF EXISTS `addresses`;
CREATE TABLE `addresses` (
  `id` int(10) unsigned NOT NULL AUTO_INCREMENT,
  `created` datetime NOT NULL,
  `modified` datetime NOT NULL,
  `name` varchar(255) COLLATE utf8_czech_ci NOT NULL,
  `person_first_name` varchar(150) COLLATE utf8_czech_ci NOT NULL,
  `person_last_name` varchar(150) COLLATE utf8_czech_ci NOT NULL,
  `street` varchar(150) COLLATE utf8_czech_ci NOT NULL,
  `number` varchar(10) COLLATE utf8_czech_ci NOT NULL,
  `o_number` varchar(10) COLLATE utf8_czech_ci NOT NULL,
  `city` varchar(100) COLLATE utf8_czech_ci NOT NULL,
  `zip` varchar(5) COLLATE utf8_czech_ci NOT NULL,
  `region` varchar(100) COLLATE utf8_czech_ci NOT NULL,
  `business_partner_id` int(10) unsigned NOT NULL,
  `address_type_id` int(10) unsigned NOT NULL,
  PRIMARY KEY (`id`)
) ENGINE=InnoDB DEFAULT CHARSET=utf8 COLLATE=utf8_czech_ci;

INSERT INTO `addresses` (`id`, `created`, `modified`, `name`, `person_first_name`, `person_last_name`, `street`, `number`, `o_number`, `city`, `zip`, `region`, `business_partner_id`, `address_type_id`) VALUES
(1,	'2013-01-24 19:38:42',	'2013-01-24 19:38:42',	'MUDr. Ježíková Helena',	'Helena',	'Ježíková ',	'U zbrojnice',	'3',	'46',	'Přerov',	'75002',	'Přerov',	1,	1),
(2,	'2013-01-24 19:38:42',	'2013-01-24 19:38:42',	'MUDr. Ježíková Helena',	'Helena',	'Ježíková ',	'U zbrojnice',	'3',	'46',	'Přerov',	'75002',	'Přerov',	1,	3),
(3,	'2013-01-24 19:38:42',	'2013-01-24 19:38:42',	'MUDr. Ježíková Helena',	'Helena',	'Ježíková ',	'U zbrojnice',	'3',	'46',	'Přerov',	'75002',	'Přerov',	1,	4),
(4,	'2013-01-29 17:46:37',	'2013-03-06 14:52:29',	'Ordinace lékařů Klatovy s.r.o.',	'',	'',	'',	'Pod Hůrkou',	'607',	'Klatovy III',	'',	'',	2,	1),
(5,	'2013-01-29 17:46:37',	'2013-01-29 17:46:37',	'Ordinace lékařů Klatovy s.r.o.',	'',	'',	'',	'Pod Hůrkou',	'607',	'Klatovy III',	'',	'',	2,	4),
(6,	'2013-01-29 20:54:48',	'2013-03-06 14:53:41',	'D+H Praktici s.r.o.',	'',	'',	'',	'367',	'',	'Šatov',	'67122',	'',	3,	1),
(7,	'2013-01-29 20:54:48',	'2013-01-29 20:54:48',	'D + H Praktici s.r.o.	',	'',	'',	'',	'367',	'',	'Šatov',	'67122',	'',	3,	3),
(8,	'2013-01-29 20:54:48',	'2013-01-29 20:54:48',	'D + H Praktici s.r.o.	',	'',	'',	'',	'367',	'',	'Šatov',	'67122',	'',	3,	4),
(9,	'2013-01-29 21:05:04',	'2013-01-29 21:06:21',	'Jirousová Taťána MUDr. - vnitřní,všeobec.lékařství',	'',	'',	'Budějovická',	'148/I',	'',	'Veselí nad Lužnicí',	'39181',	'',	4,	1),
(10,	'2013-01-29 21:05:04',	'2013-01-29 21:05:04',	'Jirousová Taťána MUDr. - vnitřní,všeobec.lékařství',	'',	'',	'Budějovická',	'148/I',	'',	'Veselí nad Lužnicí',	'39181',	'',	4,	4),
(11,	'2013-01-29 21:11:04',	'2013-01-29 21:11:04',	'MUDr. Stanislava Kubšová',	'',	'',	'Plzeňská',	'125',	'951',	'Praha 5',	'15000',	'',	5,	1),
(12,	'2013-01-29 21:11:04',	'2013-01-29 21:11:04',	'MUDr. Stanislava Kubšová',	'',	'',	'Plzeňská',	'125',	'951',	'Praha 5',	'15000',	'',	5,	4),
(13,	'2013-01-29 21:17:25',	'2013-01-29 21:17:25',	'MUDr. Bohumila Kollarová',	'',	'',	'Nová',	'888',	'',	'Lišov',	'37373',	'',	6,	1),
(14,	'2013-01-29 21:17:25',	'2013-01-29 21:17:25',	'MUDr. Bohumila Kollarová',	'',	'',	'Nová',	'888',	'',	'Lišov',	'37373',	'',	6,	4),
(15,	'2013-01-30 14:00:04',	'2013-01-30 14:00:04',	'MUDr. Dana Švábová',	'',	'',	'Studentská',	'957',	'',	'Mnichovo Hradiště',	'29501',	'',	7,	1),
(16,	'2013-01-30 14:00:04',	'2013-01-30 14:00:04',	'MUDr. Dana Švábová',	'',	'',	'Studentská',	'957',	'',	'Mnichovo Hradiště',	'29501',	'',	7,	4),
(17,	'2013-01-30 14:02:44',	'2013-01-30 14:02:44',	'MUDr. Jolana Růžičková Vršková',	'',	'',	'Milíčová',	'413',	'1',	'Praha 3 - Žižkov',	'13000',	'',	8,	1),
(18,	'2013-01-30 14:02:44',	'2013-01-30 14:02:44',	'MUDr. Jolana Růžičková Vršková',	'',	'',	'Milíčová',	'413',	'1',	'Praha 3 - Žižkov',	'13000',	'',	8,	4),
(19,	'2013-01-30 14:05:32',	'2013-01-30 14:05:47',	'MUDr. Jana Zámečníková',	'',	'',	'Krabčická',	'1944',	'',	'Roudnice nad Labem',	'41301',	'',	9,	1),
(20,	'2013-01-30 14:06:30',	'2013-01-30 14:06:30',	'MUDr. Jana Zámečníková	',	'',	'',	'nám.Svobody',	'112',	'',	'Hoštka',	'41172',	'',	9,	4),
(21,	'2013-01-30 14:10:55',	'2013-01-30 14:10:55',	'MUDR. RADKO DOUCHA - PRAKTICKÝ LÉKAŘ PRO DOSPĚLÉ',	'',	'',	'',	'58',	'',	'Hronov',	'54931',	'',	10,	1),
(22,	'2013-01-30 14:10:55',	'2013-01-30 14:10:55',	'MUDR. RADKO DOUCHA - PRAKTICKÝ LÉKAŘ PRO DOSPĚLÉ',	'',	'',	'',	'58',	'',	'Hronov',	'54931',	'',	10,	4),
(23,	'2013-01-30 14:14:54',	'2013-01-30 14:15:19',	'MUDr. Fumferová, praktická lékařka pro dospělé',	'',	'',	'K Náklí',	'530',	'',	'Týnec nad Sázavou',	'25741',	'',	11,	1),
(24,	'2013-01-30 14:14:54',	'2013-01-30 14:14:54',	'MUDr. Fumferová, praktická lékařka pro dospělé',	'',	'',	'K Náklí',	'530',	'',	'Týnec nad Sázavou',	'25741',	'',	11,	4),
(25,	'2013-01-30 14:18:00',	'2013-01-30 14:18:00',	'MUDr. Miloslav Lehnert',	'',	'',	'',	'445',	'',	'Nový Hrozenkov',	'75604',	'',	12,	1),
(26,	'2013-01-30 14:18:00',	'2013-01-30 14:18:00',	'MUDr. Miloslav Lehnert',	'',	'',	'',	'445',	'',	'Nový Hrozenkov',	'75604',	'',	12,	4),
(27,	'2013-01-30 14:30:37',	'2013-01-30 14:30:37',	'MUDr.Jaroslav Němeček -praktický lékař pro dosp.',	'',	'',	'Školská ',	'15',	'',	'Zábřeh',	'78901',	'',	13,	1),
(28,	'2013-01-30 14:30:37',	'2013-01-30 14:30:37',	'MUDr.Jaroslav Němeček -praktický lékař pro dosp.',	'',	'',	'Školská ',	'15',	'',	'Zábřeh',	'78901',	'',	13,	4),
(29,	'2013-01-30 14:34:47',	'2013-01-31 11:32:57',	'MUDR. MARTIN SLAVÍK',	'',	'',	'Masarykova',	'90',	'',	'Třebívlice',	'41115',	'',	14,	1),
(30,	'2013-01-30 14:34:47',	'2013-01-30 14:34:47',	'MUDR. MARTIN SLAVÍK',	'',	'',	'Masarykova',	'90',	'',	'Třebívlice',	'41115',	'',	14,	4),
(31,	'2013-01-30 14:37:45',	'2013-01-30 14:37:45',	'MUDr. Martina Anderová',	'',	'',	'Dukelská',	'548',	'',	'Plumlov',	'79803',	'',	15,	1),
(32,	'2013-01-30 14:37:45',	'2013-01-30 14:37:45',	'MUDr. Martina Anderová',	'',	'',	'Dukelská',	'548',	'',	'Plumlov',	'79803',	'',	15,	4),
(33,	'2013-01-30 14:41:03',	'2013-01-30 14:41:03',	'MUDr. Václav Filip',	'',	'',	'Veřovice',	'530',	'',	'Veřovice',	'74273',	'',	16,	1),
(34,	'2013-01-30 14:41:03',	'2013-01-30 14:41:03',	'MUDr. Václav Filip',	'',	'',	'Veřovice',	'530',	'',	'Veřovice',	'74273',	'',	16,	4),
(35,	'2013-01-30 14:43:23',	'2013-01-30 14:43:23',	'MUDr. Jan Hartman',	'',	'',	'Náměstí horníků',	'830',	'',	'Rtyně v Podkrkonoší',	'54233',	'',	17,	1),
(36,	'2013-01-30 14:43:23',	'2013-01-30 14:43:23',	'MUDr. Jan Hartman',	'',	'',	'Náměstí horníků',	'830',	'',	'Rtyně v Podkrkonoší',	'54233',	'',	17,	4),
(37,	'2013-01-30 14:46:33',	'2013-01-30 14:46:33',	'MUDR.CHALUPOVÁ OLGA - PRAKTICKÝ LÉKAŘ',	'',	'',	'Morseova',	'251',	'',	'Praha 15',	'10900',	'',	18,	1),
(38,	'2013-01-30 14:46:33',	'2013-01-30 14:46:33',	'MUDR.CHALUPOVÁ OLGA - PRAKTICKÝ LÉKAŘ',	'',	'',	'Morseova',	'251',	'',	'Praha 15',	'10900',	'',	18,	4),
(39,	'2013-01-30 14:48:37',	'2013-01-30 14:48:37',	'MUDr. Jana Janů',	'',	'',	'Lipová',	'807',	'14',	'Most',	'43401',	'',	19,	1),
(40,	'2013-01-30 14:48:37',	'2013-01-30 14:48:37',	'MUDr. Jana Janů',	'',	'',	'Lipová',	'807',	'14',	'Most',	'43401',	'',	19,	4),
(41,	'2013-01-30 16:03:55',	'2013-01-30 16:03:55',	'MUDr. Ludmila Koukalová',	'',	'',	'Moravičanská',	'33',	'',	'Loštice',	'78983',	'',	20,	1),
(42,	'2013-01-30 16:03:55',	'2013-01-30 16:03:55',	'MUDr. Ludmila Koukalová',	'',	'',	'Moravičanská',	'33',	'',	'Loštice',	'78983',	'',	20,	4),
(43,	'2013-01-30 16:07:47',	'2013-03-06 15:37:51',	'MUDr. Daniel Kubina',	'',	'',	'Hrnčířská',	'237',	'13',	'Hlučín',	'74801',	'',	21,	1),
(44,	'2013-01-30 16:07:47',	'2013-01-30 16:07:47',	'MUDr. Daniel Kubina',	'',	'',	'Hrnčířská',	'237',	'13',	'Hlučín',	'74801',	'',	21,	4),
(45,	'2013-01-30 16:15:51',	'2013-01-30 16:15:51',	'MUDr. Jaromír Mrazík s.r.o.',	'',	'',	'Dolní',	'796',	'',	'Ostrožská Nová Ves',	'68722',	'',	22,	1),
(46,	'2013-01-30 16:15:51',	'2013-01-30 16:15:51',	'MUDr. Jaromír Mrazík s.r.o.',	'',	'',	'Dolní',	'796',	'',	'Ostrožská Nová Ves',	'68722',	'',	22,	4),
(47,	'2013-01-30 16:17:19',	'2013-01-30 16:17:19',	'MUDr. Zdeněk Pospíšil',	'',	'',	'Tovární',	'501',	'',	'Postřelmov',	'78969',	'',	23,	1),
(48,	'2013-01-30 16:17:19',	'2013-01-30 16:17:19',	'MUDr. Zdeněk Pospíšil',	'',	'',	'Tovární',	'501',	'',	'Postřelmov',	'78969',	'',	23,	4),
(49,	'2013-01-30 16:21:21',	'2013-01-30 16:21:21',	'MUDr. Jan Řehák',	'',	'',	'Rokycanova',	'2789',	'',	'Pardubice V',	'53002',	'',	24,	1),
(50,	'2013-01-30 16:21:21',	'2013-01-30 16:21:21',	'MUDr. Jan Řehák',	'',	'',	'Rokycanova',	'2789',	'',	'Pardubice V',	'53002',	'',	24,	4),
(51,	'2013-01-30 16:23:05',	'2013-01-30 16:23:05',	'MUDr. Radka SÝKOROVÁ',	'',	'',	'Soukalova',	'3358',	'3',	'Praha 12',	'14300',	'',	25,	1),
(52,	'2013-01-30 16:23:05',	'2013-01-30 16:23:05',	'MUDr. Radka SÝKOROVÁ',	'',	'',	'Soukalova',	'3358',	'3',	'Praha 12',	'14300',	'',	25,	4),
(53,	'2013-01-30 16:25:19',	'2013-01-30 16:25:19',	'MUDr. Marie Böhmová',	'',	'',	'Závodu míru',	'636',	'',	'Nejdek',	'36221',	'',	26,	1),
(54,	'2013-01-30 16:25:19',	'2013-01-30 16:25:19',	'MUDr. Marie Böhmová',	'',	'',	'Závodu míru',	'636',	'',	'Nejdek',	'36221',	'',	26,	4),
(55,	'2013-01-30 16:31:06',	'2013-01-30 16:31:06',	'MUDR.JAROSLAVA GRUNTORÁDOVÁ - PRAKTICKÝ LÉKAŘ',	'',	'',	'Bendlova',	'2236',	'',	'Česká Lípa',	'47001',	'',	27,	1),
(56,	'2013-01-30 16:31:06',	'2013-01-30 16:31:06',	'MUDR.JAROSLAVA GRUNTORÁDOVÁ - PRAKTICKÝ LÉKAŘ',	'',	'',	'Bendlova',	'2236',	'',	'Česká Lípa',	'47001',	'',	27,	4),
(57,	'2013-01-30 16:33:34',	'2013-01-30 16:33:34',	'MUDr. Josef Husička',	'',	'',	'Komenského',	'306',	'',	'Náměšť na Hané',	'78344',	'',	28,	1),
(58,	'2013-01-30 16:33:34',	'2013-01-30 16:33:34',	'MUDr. Josef Husička',	'',	'',	'Komenského',	'306',	'',	'Náměšť na Hané',	'78344',	'',	28,	4),
(59,	'2013-01-30 16:36:48',	'2013-03-06 12:28:23',	'Aledion Medical Centre spol. s r.o.',	'',	'',	'Letenská',	'1183',	'',	'Rožnov pod Radhoštěm',	'75661',	'',	29,	1),
(60,	'2013-01-30 16:36:48',	'2013-01-30 16:36:48',	'Aledion Medical Centre spol. s r.o.',	'',	'',	'Letenská',	'1183',	'',	'Rožnov pod Radhoštěm',	'75661',	'',	29,	4),
(61,	'2013-01-30 16:44:59',	'2013-01-30 16:46:04',	'Jiří Klug MUDr.',	'',	'',	'Gruzínská ',	'21',	'',	'Svitavy',	'56802',	'',	30,	1),
(62,	'2013-01-30 16:44:59',	'2013-01-30 16:45:52',	'Jiří Klug MUDr.',	'',	'',	'Gruzínská',	'25',	'',	'Svitavy',	'56802',	'',	30,	4),
(63,	'2013-01-30 16:47:27',	'2013-01-30 16:47:27',	'MUDr. Vladislava Mrázková',	'',	'',	'Nádražní',	'432',	'',	'Bystřice pod Hostýnem',	'76861',	'',	31,	1),
(64,	'2013-01-30 16:47:27',	'2013-01-30 16:47:27',	'MUDr. Vladislava Mrázková',	'',	'',	'Nádražní',	'432',	'',	'Bystřice pod Hostýnem',	'76861',	'',	31,	4),
(67,	'2013-02-07 15:14:46',	'2013-02-07 15:14:46',	'MUDr. Miluše Kakrdová',	'',	'',	'Bezručova',	'11',	'',	'Brno',	'60200',	'',	33,	1),
(68,	'2013-02-07 15:22:53',	'2013-02-07 15:22:53',	'MUDr. Vlastimil Boček',	'',	'',	'obližná ',	'7',	'28',	'Brno',	'60200',	'',	34,	1),
(69,	'2013-02-07 15:27:11',	'2013-02-07 15:27:11',	'MUDr. Alena Krásová',	'',	'',	'Nové sady',	'32',	'597',	'Brno',	'60200',	'',	35,	1),
(70,	'2013-02-07 15:34:29',	'2013-02-07 15:34:29',	'MUDr. Iva Jeleníková',	'',	'',	'Marešova ',	'8',	'',	'Brno',	'60200',	'',	36,	1),
(71,	'2013-02-07 15:41:29',	'2013-02-07 15:41:29',	'MUDr. Šindlerová Lenka',	'',	'',	'U Kostela',	'5',	'',	'Jablonec nad Nisou',	'46604',	'',	37,	1),
(72,	'2013-02-07 15:41:29',	'2013-02-07 15:41:29',	'MUDr. Šindlerová Lenka',	'',	'',	'U Kostela',	'5',	'',	'Jablonec nad Nisou',	'46604',	'',	37,	4),
(73,	'2013-02-07 15:45:30',	'2013-02-07 15:45:30',	'MUDr. Popek Roman',	'',	'',	'9.května',	'9 ',	'',	'Zbýšov',	'66411',	'',	38,	1),
(74,	'2013-02-07 15:45:30',	'2013-02-07 15:45:30',	'MUDr. Popek Roman',	'',	'',	'9.května',	'9 ',	'',	'Zbýšov',	'66411',	'',	38,	4),
(75,	'2013-02-07 15:49:00',	'2013-02-07 15:49:00',	'MUDr. Šlosar  Ivo',	'',	'',	'Červenohradecká',	'1559',	'',	'Jirkov',	'43111',	'',	39,	1),
(76,	'2013-02-07 15:49:00',	'2013-02-07 15:49:00',	'MUDr. Šlosar  Ivo',	'',	'',	'Červenohradecká',	'1559',	'',	'Jirkov',	'43111',	'',	39,	4),
(77,	'2013-02-07 16:23:06',	'2013-02-07 16:23:06',	'Mudr. Ludvík Vratislav',	'',	'',	'Křenkova',	'477',	'',	'Česká Skalice',	'55203',	'',	40,	1),
(78,	'2013-02-07 16:23:07',	'2013-02-07 16:23:07',	'Mudr. Ludvík Vratislav',	'',	'',	'Křenkova',	'477',	'',	'Česká Skalice',	'55203',	'',	40,	4),
(79,	'2013-02-07 16:27:17',	'2013-02-07 16:27:17',	'MUDr. Bártová Zdeňka',	'',	'',	'',	'Zahradní',	'178',	'Železná Ruda',	'34004',	'',	41,	1),
(80,	'2013-02-07 16:27:17',	'2013-02-07 16:27:17',	'MUDr. Bártová Zdeňka',	'',	'',	'',	'Zahradní',	'178',	'Železná Ruda',	'34004',	'',	41,	3),
(81,	'2013-02-07 16:29:02',	'2013-02-07 16:29:02',	'MUDr. Hanuliaková Věra',	'',	'',	'K Vápeníkám',	'2136',	'32',	'Zábřeh',	'78901',	'',	42,	1),
(82,	'2013-02-07 16:29:02',	'2013-02-07 16:29:02',	'MUDr. Hanuliaková Věra',	'',	'',	'K Vápeníkám',	'2136',	'32',	'Zábřeh',	'78901',	'',	42,	4),
(83,	'2013-02-07 16:31:10',	'2013-02-07 16:31:10',	'MUDr. Lukešová Zdeňka',	'',	'',	'Tasovice',	'301',	'',	'Tasovice',	'67125',	'',	43,	1),
(84,	'2013-02-07 16:31:10',	'2013-02-07 16:31:10',	'MUDr. Lukešová Zdeňka',	'',	'',	'Tasovice',	'301',	'',	'Tasovice',	'67125',	'',	43,	4),
(85,	'2013-02-07 16:39:58',	'2013-02-07 16:39:58',	'MUDr. Plachá Jana',	'',	'',	'Tuřanka',	'11',	'233',	'Brno',	'62700',	'',	44,	1),
(86,	'2013-02-07 16:39:58',	'2013-02-07 16:39:58',	'MUDr. Plachá Jana',	'',	'',	'Tuřanka',	'11',	'233',	'Brno',	'62700',	'',	44,	4),
(87,	'2013-02-07 16:45:51',	'2013-02-07 16:45:51',	'MUDr. Rousová Zuzana',	'',	'',	'Mečířová',	'52',	'2450',	'Brno',	'61200',	'',	45,	1),
(88,	'2013-02-07 16:45:51',	'2013-02-07 16:45:51',	'MUDr. Rousová Zuzana',	'',	'',	'Mečířová',	'52',	'2450',	'Brno',	'61200',	'',	45,	4),
(89,	'2013-02-07 16:47:17',	'2013-02-07 16:47:17',	'MUDr. Stodolová Magda ',	'',	'',	'Eimova',	'294',	'',	'Polička - Horní Předměstí',	'57201',	'',	46,	1),
(90,	'2013-02-07 16:47:17',	'2013-02-07 16:47:17',	'MUDr. Stodolová Magda ',	'',	'',	'Eimova',	'294',	'',	'Polička - Horní Předměstí',	'57201',	'',	46,	4),
(91,	'2013-02-07 16:49:02',	'2013-02-07 16:49:02',	'MUDr. Šubert Igor',	'',	'',	'Radostín nad Oslavou',	'41',	'',	'Radostín nad Oslavou',	'59444',	'',	47,	1),
(92,	'2013-02-07 16:49:02',	'2013-02-07 16:49:02',	'MUDr. Šubert Igor',	'',	'',	'Radostín nad Oslavou',	'41',	'',	'Radostín nad Oslavou',	'59444',	'',	47,	4),
(93,	'2013-02-07 16:50:57',	'2013-02-07 16:50:57',	'MUDr. Vildomcová Ilona',	'',	'',	'Dlouhá',	'34',	'',	'Veverská Bítýška',	'66471',	'',	48,	1),
(94,	'2013-02-07 16:50:57',	'2013-02-07 16:50:57',	'MUDr. Vildomcová Ilona',	'',	'',	'Dlouhá',	'34',	'',	'Veverská Bítýška',	'66471',	'',	48,	4),
(95,	'2013-02-07 16:52:38',	'2013-02-07 16:52:38',	'MUDr. Bešťáková Lenka',	'',	'',	'Purkyňova',	'27',	'',	'Plzeň',	'30100',	'',	49,	1),
(96,	'2013-02-07 16:52:38',	'2013-02-07 16:52:38',	'MUDr. Bešťáková Lenka',	'',	'',	'Purkyňova',	'27',	'',	'Plzeň',	'30100',	'',	49,	4),
(97,	'2013-02-12 15:27:11',	'2013-02-12 15:27:11',	'MUDr. Jana Vildová',	'',	'',	'Božetěchova ',	'105',	'1376',	'Brno',	'61200',	'',	50,	1),
(98,	'2013-02-12 15:27:11',	'2013-02-12 15:27:11',	'MUDr. Jana Vildová',	'',	'',	'Božetěchova ',	'105',	'1376',	'Brno',	'61200',	'',	50,	4),
(99,	'2013-02-12 16:24:29',	'2013-04-15 13:13:05',	'MUDr. Michaela Koukalová',	'',	'',	'Majdalenky',	'7',	'',	'Brno',	'63800',	'',	51,	1),
(100,	'2013-02-12 16:34:44',	'2013-02-12 16:34:44',	'MUDr. Pevná Danuše',	'',	'',	'Hlinky',	'151',	'',	'Brno',	'60300',	'',	52,	1),
(101,	'2013-02-12 17:10:45',	'2013-02-12 17:10:45',	'MUDr. Buchtová Miloslava ',	'',	'',	'Sadová ',	'33',	'',	'Blansko',	'67801',	'',	53,	1),
(102,	'2013-02-12 17:13:27',	'2013-02-12 17:13:27',	'MUDr. Fleischmannová Vladimíra',	'',	'',	'Smetanova ',	'764',	'',	'Kolín IV',	'28002',	'',	54,	1),
(103,	'2013-02-12 17:16:19',	'2013-02-12 17:16:19',	'MUDr. Hadravová Irena',	'',	'',	'Tovární vrch',	'78',	'',	'Doksy',	'47201',	'',	55,	1),
(104,	'2013-02-12 17:37:13',	'2013-02-12 17:37:13',	'MUDr. Hrubý Jiří',	'',	'',	'Olomoucká',	'3896',	'114',	'Prostějov',	'79601',	'',	56,	1),
(105,	'2013-02-12 17:39:20',	'2013-02-12 17:39:20',	'MUDr. Ježíková Helena',	'',	'',	'U zbrojnice',	'3',	'46',	'Přerov V - Dluhonice',	'75002',	'',	57,	1),
(106,	'2013-02-19 14:44:03',	'2013-02-19 15:06:41',	'test',	'',	'',	'',	'123',	'',	'test',	'',	'',	58,	1),
(107,	'2013-02-19 14:44:03',	'2013-02-19 14:44:03',	'test',	'',	'',	'',	'123',	'',	'test',	'',	'',	58,	3),
(108,	'2013-02-19 14:44:03',	'2013-02-19 14:44:03',	'test',	'',	'',	'',	'123',	'',	'test',	'',	'',	58,	4),
(109,	'2013-02-20 14:00:27',	'2013-02-20 14:00:27',	'Ordinace',	'',	'',	'Mendlovo náměstí ',	'907/1a',	'',	'Brno',	'',	'',	59,	1),
(110,	'2013-02-20 14:13:32',	'2013-02-20 14:28:10',	'Ordinace',	'',	'',	'Mendlovo náměstí',	'618/17',	'',	'Brno',	'60300',	'',	60,	1),
(111,	'2013-02-20 14:27:50',	'2013-02-20 14:27:50',	'Ordinace',	'',	'',	'Mendlovo náměstí',	'907/1a',	'',	'Brno',	'60300',	'',	61,	1),
(112,	'2013-02-20 15:03:31',	'2013-02-20 15:03:31',	'Ordinace',	'',	'',	'Mendlovo náměstí',	'907/1a',	'',	'Brno',	'60300',	'',	62,	1),
(113,	'2013-03-05 14:23:14',	'2013-04-02 15:39:55',	'MUDr. Luboš Oliva',	'',	'',	'Pekařská',	'75',	'',	'Lednice',	'69144',	'',	63,	1),
(114,	'2013-03-05 14:31:03',	'2013-03-05 14:31:03',	'MUDR. Helena Stárková',	'',	'',	'Foerstrova',	'33',	'918',	'Olomouc',	'77900',	'',	64,	1),
(115,	'2013-03-05 14:37:26',	'2013-03-05 14:37:26',	'MUDr.Vašica Petr, praktický lékař pro dospělé - internista',	'',	'',	'Nad Stadionem',	'572',	'Vimperk',	'38501',	'',	'',	65,	1),
(116,	'2013-03-05 14:41:19',	'2013-03-05 14:44:44',	'Ponikelská ordinace s.r.o.',	'',	'',	'Poniklá',	'266',	'',	'Poniklá',	'51242',	'',	66,	1),
(117,	'2013-03-05 14:41:19',	'2013-03-05 14:41:19',	'MUDr. Vladimíra Karásková  - Ponikelská ordinace s.r.o.',	'',	'',	'Poniklá',	'266',	'',	'Poniklá',	'51242',	'',	66,	4),
(118,	'2013-03-05 14:46:03',	'2013-03-05 14:46:03',	'MUDr. Bačová Lenka, s.r.o.',	'',	'',	'1.máje',	'230',	'',	'Uherské Hradiště',	'68605',	'',	67,	1),
(119,	'2013-03-05 14:46:03',	'2013-03-05 14:46:03',	'MUDr. Bačová Lenka, s.r.o.',	'',	'',	'1.máje',	'230',	'',	'Uherské Hradiště',	'68605',	'',	67,	4),
(120,	'2013-03-05 14:53:43',	'2013-03-05 14:53:43',	'MUDr. Ljuba Tomčíková - ordinace praktického lékaře pro dospělé',	'',	'',	'Americká',	'29',	'',	'Františkovy Lázně',	'35101',	'',	68,	1),
(121,	'2013-03-05 14:53:43',	'2013-03-05 14:53:43',	'MUDr. Ljuba Tomčíková - ordinace praktického lékaře pro dospělé',	'',	'',	'Americká',	'29',	'',	'Františkovy Lázně',	'35101',	'',	68,	4),
(122,	'2013-03-05 14:59:12',	'2013-03-05 14:59:12',	'MUDr. Jiřina Hesová Němečková, s.r.o',	'',	'',	'Riegrova ',	'42',	'1199',	'Znojmo',	'66902',	'',	69,	1),
(123,	'2013-03-05 14:59:17',	'2013-03-05 14:59:17',	'MUDr. Jiřina Hesová Němečková, s.r.o',	'',	'',	'Riegrova ',	'42',	'1199',	'Znojmo',	'66902',	'',	69,	4),
(124,	'2013-03-05 15:21:41',	'2013-03-06 14:51:52',	'MUDr. Petr Tamler - IPTAM',	'',	'',	'Duchcovská',	'53',	'962',	'Teplice',	'41500',	'',	70,	1),
(125,	'2013-03-05 15:21:41',	'2013-03-05 15:21:41',	'MUDr. Petr Tamler',	'',	'',	'Duchcovská',	'53',	'962',	'Teplice',	'41500',	'',	70,	3),
(126,	'2013-03-05 15:29:12',	'2013-03-05 15:29:12',	'Dušan Cigánik',	'',	'',	'',	'130',	'',	'Velké Karlovice',	'75606',	'',	71,	1),
(127,	'2013-03-05 15:29:12',	'2013-03-05 15:29:12',	'Dušan Cigánik',	'',	'',	'',	'130',	'',	'Velké Karlovice',	'75606',	'',	71,	4),
(128,	'2013-03-05 15:33:27',	'2013-03-05 15:33:27',	'MUDR. VĚRA ČÁPOVÁ',	'',	'',	'Vinohradská',	'176',	'',	'Praha 3',	'13000',	'',	72,	1),
(129,	'2013-03-05 15:33:27',	'2013-03-05 15:33:27',	'MUDR. VĚRA ČÁPOVÁ',	'',	'',	'Vinohradská',	'176',	'',	'Praha 3',	'13000',	'',	72,	4),
(130,	'2013-03-05 15:45:31',	'2013-03-05 15:45:31',	'MUDr. Jaromíra Kazdová',	'',	'',	'Hrnčířská',	'13',	'',	'Hlučín',	'74801',	'',	73,	1),
(131,	'2013-03-05 15:49:39',	'2013-03-05 15:49:39',	'MUDr. Hana Doležalová, s.r.o.',	'',	'',	'',	'131',	'',	'Svatá Maří',	'38501',	'',	74,	1),
(132,	'2013-03-05 15:50:25',	'2013-03-05 15:50:37',	'MUDr. Hana Doležalová, s.r.o.',	'zdravotnické středisko u TKB',	'',	'Nad Stadionem',	'484',	'',	'Vimperk',	'38501',	'',	74,	4),
(133,	'2013-03-05 15:53:23',	'2013-03-05 15:53:23',	'MUDr. Petr Šubrt',	'',	'',	'',	'70',	'',	'Lhota pod Libčany',	'50327',	'',	75,	1),
(134,	'2013-03-05 15:53:23',	'2013-03-05 15:53:23',	'MUDr. Petr Šubrt',	'',	'',	'',	'70',	'',	'Lhota pod Libčany',	'50327',	'',	75,	4),
(135,	'2013-03-05 15:57:27',	'2013-03-05 15:58:26',	'MUDr. Tomáš Přikryl',	'',	'',	'Ruská',	'585',	'',	'Kouřim',	'28161',	'',	76,	1),
(136,	'2013-03-05 15:57:27',	'2013-03-05 15:57:27',	'MUDr. Tomáš Přikryl',	'',	'',	'Ruská',	'585',	'',	'Kouřim',	'28161',	'',	76,	4),
(137,	'2013-03-05 16:01:01',	'2013-03-06 12:36:34',	'MUDr. Lubomír Procházka',	'',	'',	'Pražská',	'71',	'1014',	'České Budějovice',	'37004',	'',	77,	1),
(138,	'2013-03-05 16:01:01',	'2013-03-05 16:01:01',	'MUDr. Lubomír Procházka',	'',	'',	'Pražská',	'71',	'1014',	'České Budějovice',	'37004',	'',	77,	4),
(139,	'2013-03-05 16:02:53',	'2013-03-05 16:02:53',	'Asplund s.r.o.',	'',	'',	'Štefánikova',	'27',	'777',	'Ústí nad Labem',	'40001',	'',	78,	1),
(140,	'2013-03-05 16:02:53',	'2013-03-05 16:02:53',	'Asplund s.r.o.',	'',	'',	'Štefánikova',	'27',	'777',	'Ústí nad Labem',	'40001',	'',	78,	3),
(141,	'2013-03-05 16:05:46',	'2013-03-05 16:06:05',	'MUDr. Irena Prudká - praktická lékařka',	'',	'',	'Zdrav. Středisko',	'107',	'',	'Rovečné',	'59265',	'',	79,	1),
(142,	'2013-03-05 16:08:04',	'2013-03-05 16:08:04',	'MUDr. Hendlová Alena',	'',	'',	'Kasalova',	'467',	'',	'Zeleneč',	'25091',	'',	80,	1),
(143,	'2013-03-05 16:08:04',	'2013-03-05 16:08:04',	'MUDr. Hendlová Alena',	'',	'',	'Kasalova',	'467',	'',	'Zeleneč',	'25091',	'',	80,	4),
(144,	'2013-03-05 16:09:41',	'2013-03-05 16:09:41',	'MUDr. Ivana Mašková',	'',	'',	'',	'22',	'',	'Dolní Loučky',	'59455',	'',	81,	1),
(145,	'2013-03-05 16:09:41',	'2013-03-05 16:09:41',	'MUDr. Ivana Mašková',	'',	'',	'',	'22',	'',	'Dolní Loučky',	'59455',	'',	81,	4),
(146,	'2013-03-05 16:11:14',	'2013-03-05 16:11:14',	'MUDR.JIŘÍ KLEMENT - PRAKTICKÝ LÉKAŘ',	'',	'',	'Nové Město',	'277',	'',	'Dubá',	'47141',	'',	82,	1),
(147,	'2013-03-05 16:11:14',	'2013-03-05 16:11:14',	'MUDR.JIŘÍ KLEMENT - PRAKTICKÝ LÉKAŘ',	'',	'',	'Nové Město',	'277',	'',	'Dubá',	'47141',	'',	82,	4),
(148,	'2013-03-05 16:14:03',	'2013-03-05 16:14:03',	'MUDr. Dana Mrazíková s.r.o.',	'',	'',	'nám. sv. Ondřeje',	'22',	'',	'Uherský Ostroh',	'687 2',	'',	83,	1),
(149,	'2013-03-05 16:14:03',	'2013-03-05 16:14:03',	'MUDr. Dana Mrazíková s.r.o.',	'',	'',	'nám. sv. Ondřeje',	'22',	'',	'Uherský Ostroh',	'687 2',	'',	83,	4),
(150,	'2013-03-06 11:06:42',	'2013-03-06 11:06:42',	'MUDr. Jana Denková',	'',	'',	'Nádražní',	'29',	'30',	'Mimoň',	'47124',	'',	84,	1),
(151,	'2013-03-06 11:06:42',	'2013-03-06 11:06:42',	'MUDr. Jana Denková',	'',	'',	'Nádražní',	'29',	'30',	'Mimoň',	'47124',	'',	84,	4),
(152,	'2013-03-06 11:09:34',	'2013-03-06 11:09:34',	'MUDr. Bohumír Beneda',	'',	'',	'E.Beneše',	'36',	'2686',	'České Budějovice',	'37006',	'',	85,	1),
(153,	'2013-03-06 11:09:34',	'2013-03-06 11:09:34',	'MUDr. Bohumír Beneda',	'',	'',	'E.Beneše',	'36',	'2686',	'České Budějovice',	'37006',	'',	85,	4),
(154,	'2013-03-06 12:38:05',	'2013-03-06 12:38:05',	'MEDALEX s.r.o.',	'',	'',	'Pražská',	'71',	'1014',	'České Budějovice',	'37004',	'',	86,	1),
(155,	'2013-03-06 12:38:05',	'2013-03-06 12:38:05',	'MEDALEX s.r.o.',	'',	'',	'Pražská',	'71',	'1014',	'České Budějovice',	'37004',	'',	86,	4),
(156,	'2013-03-06 14:38:59',	'2013-03-06 14:50:46',	'MUDr.MARTA HADRAVOVÁ-PRAKTICKÝ LÉKAŘ,INTERNISTA',	'',	'',	'',	'192',	'',	'Sosnová',	'47001',	'',	87,	1),
(157,	'2013-03-06 14:50:22',	'2013-03-06 14:50:22',	'MUDr. Marta Hadravová',	'',	'',	'Děčínská',	'246',	'',	'Žandov',	'47107',	'',	87,	4),
(158,	'2013-03-06 15:07:52',	'2013-03-06 15:07:52',	'MUDr. Renata Bednářová',	'',	'',	'',	'430',	'',	'Jindřichov',	'79384',	'',	88,	1),
(159,	'2013-03-06 15:07:52',	'2013-03-06 15:07:52',	'MUDr. Renata Bednářová',	'',	'',	'',	'430',	'',	'Jindřichov',	'79384',	'',	88,	4),
(160,	'2013-03-06 15:28:56',	'2013-03-06 15:28:56',	'MUDr. Pavel Růžička',	'',	'',	'Komenského náměstí',	'30',	'',	'Jaroměřice nad Rokytnou',	'67551',	'',	89,	1),
(161,	'2013-03-06 15:28:56',	'2013-03-06 15:28:56',	'MUDr. Pavel Růžička',	'',	'',	'Komenského náměstí',	'30',	'',	'Jaroměřice nad Rokytnou',	'67551',	'',	89,	4),
(162,	'2013-03-06 15:31:19',	'2013-03-06 15:31:19',	'MUDr.JOGENDRA JOGHEE - PRAKRICKÝ LÉKAŘ',	'',	'',	'Ústecká',	'2855',	'',	'Česká Lípa',	'47001',	'',	90,	1),
(163,	'2013-03-06 15:31:19',	'2013-03-06 15:31:19',	'MUDr.JOGENDRA JOGHEE - PRAKRICKÝ LÉKAŘ',	'',	'',	'Ústecká',	'2855',	'',	'Česká Lípa',	'47001',	'',	90,	4),
(164,	'2013-03-06 15:36:34',	'2013-03-06 15:36:44',	'MUDr. Marie Klepačová',	'',	'',	'',	'208',	'',	'Dubenec',	'54455',	'',	91,	1),
(165,	'2013-03-06 15:39:53',	'2013-03-06 15:39:53',	'Vacátková Kateřina MUDr. - praktický lékař',	'',	'',	'Čechova',	'494',	'',	'Rychnov u Jablonce nad Nisou',	'46802',	'',	92,	1),
(166,	'2013-03-06 15:39:53',	'2013-03-06 15:39:53',	'Vacátková Kateřina MUDr. - praktický lékař',	'',	'',	'Čechova',	'494',	'',	'Rychnov u Jablonce nad Nisou',	'46802',	'',	92,	4),
(167,	'2013-03-06 15:41:26',	'2013-03-06 15:41:26',	'MUDr. PETR CEDRYCH - VŠEOBECNÉ LÉKAŘSTVÍ',	'',	'',	'',	'Zahrádky',	'77',	'Zahrádky',	'47101',	'',	93,	1),
(168,	'2013-03-06 15:41:26',	'2013-03-06 15:41:26',	'MUDr. PETR CEDRYCH - VŠEOBECNÉ LÉKAŘSTVÍ',	'',	'',	'',	'Zahrádky',	'77',	'Zahrádky',	'47101',	'',	93,	4),
(169,	'2013-03-06 15:43:40',	'2013-03-06 15:43:40',	'MUDr. Jiří Klouda - praktický lékař pro dospělé',	'',	'',	'Náměstí 167',	'167',	'',	'Plánice',	'34034',	'',	94,	1),
(170,	'2013-03-06 15:43:40',	'2013-03-06 15:43:40',	'MUDr. Jiří Klouda - praktický lékař pro dospělé',	'',	'',	'Náměstí 167',	'167',	'',	'Plánice',	'34034',	'',	94,	4),
(171,	'2013-03-06 15:44:43',	'2013-03-06 15:44:43',	'MUDr.Pavel Krupička-praktický lékař',	'',	'',	'Zahradníčkova',	'352',	'',	'Brandýs nad Labem-Stará Boleslav',	'25002',	'',	95,	1),
(172,	'2013-03-06 15:44:43',	'2013-03-06 15:44:43',	'MUDr.Pavel Krupička-praktický lékař',	'',	'',	'Zahradníčkova',	'352',	'',	'Brandýs nad Labem-Stará Boleslav',	'25002',	'',	95,	4),
(173,	'2013-03-06 15:46:03',	'2013-03-06 15:46:03',	'MUDr. Renáta Molnárová',	'',	'',	'Frostova',	'338',	'',	'Praha-Petrovice',	'109 0',	'',	96,	1),
(174,	'2013-03-06 15:48:30',	'2013-03-06 15:48:46',	'MUDr. Tomáš Nosek',	'',	'',	'',	'449',	'',	'Batelov',	'58851',	'',	97,	1),
(175,	'2013-03-06 15:50:24',	'2013-03-06 15:50:24',	'MUDr. Vladimír Klos',	'',	'',	'Náměstí',	'271',	'',	'Železnice',	'50713',	'',	98,	1),
(176,	'2013-03-06 15:50:24',	'2013-03-06 15:50:24',	'MUDr. Vladimír Klos',	'',	'',	'Náměstí',	'271',	'',	'Železnice',	'50713',	'',	98,	4),
(177,	'2013-03-06 15:53:31',	'2013-03-06 15:53:31',	'Medbase s.r.o.',	'',	'',	'Boženy Němcové',	'1358',	'',	'76824',	'Hulín',	'',	99,	1),
(178,	'2013-03-06 15:54:08',	'2013-03-06 15:54:08',	'MUDr. Jiří Pražák',	'',	'',	'Tyršova',	'799',	'',	'Hulín',	'76824',	'',	99,	4),
(179,	'2013-03-07 22:19:24',	'2013-03-07 22:20:07',	'MUDr. Anna Víšková',	'Anna',	'Víšková',	'Komenského',	'77',	'',	'Újezd u Brna',	'66453',	'',	100,	1),
(180,	'2013-03-07 22:24:55',	'2013-03-07 22:24:55',	'MUDr. Kamila Karmašová',	'Kamila',	'Karmašová',	'Kubíčkova',	'8',	'',	'Brno',	'',	'',	101,	1),
(181,	'2013-04-02 14:13:11',	'2013-04-02 14:13:11',	'MUDr. Rotová Pavla',	'',	'',	'Na Kopci',	'9',	'',	'Jablonec nad Nisou',	'46601',	'',	102,	1),
(182,	'2013-04-02 14:13:11',	'2013-04-02 14:13:11',	'MUDr. Rotová Pavla',	'',	'',	'Na Kopci',	'9',	'',	'Jablonec nad Nisou',	'46601',	'',	102,	3),
(183,	'2013-04-02 14:14:46',	'2013-04-02 14:14:46',	'MUDr. Hamouz Zdeněk',	'',	'',	'Dostojevského',	'3991',	'',	'Chomutov',	'43001',	'',	103,	1),
(184,	'2013-04-02 14:14:46',	'2013-04-02 14:14:46',	'MUDr. Hamouz Zdeněk',	'',	'',	'Dostojevského',	'3991',	'',	'Chomutov',	'43001',	'',	103,	3),
(185,	'2013-04-02 14:20:47',	'2013-04-02 14:20:47',	'Ordinace praktického lékaře Olomouc s.r.o.',	'MUDr. Helena',	'Stárková ',	'Foerstrova ',	'33',	'918',	'Olomouc',	'77900',	'',	104,	1),
(186,	'2013-04-02 14:20:47',	'2013-04-02 14:20:47',	'Ordinace praktického lékaře Olomouc s.r.o.',	'MUDr. Helena',	'Stárková ',	'Foerstrova ',	'33',	'918',	'Olomouc',	'77900',	'',	104,	3),
(187,	'2013-04-02 14:27:16',	'2013-04-02 14:27:16',	'MUDr. Horáková Marie',	'',	'',	'Ukrajinská',	'11',	'900',	'Praha 10',	'10100',	'',	105,	1),
(188,	'2013-04-02 14:27:16',	'2013-04-02 14:27:16',	'MUDr. Horáková Marie',	'',	'',	'Ukrajinská',	'11',	'900',	'Praha 10',	'10100',	'',	105,	3),
(189,	'2013-04-02 15:26:51',	'2013-04-02 15:28:42',	'Ordinace Liběchov s.r.o.',	'',	'',	'Liběchov',	'140',	'',	'Liběchov',	'277 2',	'',	106,	1),
(190,	'2013-04-02 15:28:34',	'2013-04-02 15:28:34',	'MUDr. Žáčková Lucie - Ordinace Liběchov s.r.o.',	'',	'',	'Liběchov ',	'298',	'',	'Liběchov',	'27721',	'',	106,	4),
(191,	'2013-04-02 15:31:16',	'2013-04-02 15:31:16',	'MUDr. Čadová Jana',	'',	'',	'Letná',	'575',	'',	'Mýto',	'33805',	'',	107,	1),
(192,	'2013-04-02 15:31:16',	'2013-04-02 15:31:16',	'MUDr. Čadová Jana',	'',	'',	'Letná',	'575',	'',	'Mýto',	'33805',	'',	107,	4),
(193,	'2013-04-02 15:38:39',	'2013-04-02 15:38:39',	'MUDr. Luboš Oliva s.r.o.,',	'Eva',	'Musílová, sestra',	'Pekařská',	'75',	'',	'Lednice',	'69144',	'',	108,	1),
(194,	'2013-04-02 15:38:39',	'2013-04-02 15:38:39',	'MUDr. Luboš Oliva s.r.o.,',	'Eva',	'Musílová, sestra',	'Pekařská',	'75',	'',	'Lednice',	'69144',	'',	108,	4),
(195,	'2013-04-03 15:52:35',	'2013-04-03 15:52:35',	'MUDr. Petr Zlámal s.r.o.',	'',	'',	'Vaškova',	'4',	'1580',	'Brno',	'615 0',	'',	109,	1),
(196,	'2013-04-15 13:13:52',	'2013-04-15 13:13:52',	'Mudr. Koukalová Michaela',	'',	'',	'Zahradníkova',	'2',	'494',	'Brno',	'60200',	'',	51,	4),
(197,	'2013-04-15 13:19:01',	'2013-04-15 13:19:01',	'MUDr. Božena Križanová - ordinace praktického lékaře pro dospělé',	'',	'',	'Žlutická',	'9',	'',	'Plzeň',	'32329',	'',	110,	1),
(198,	'2013-04-15 13:19:01',	'2013-04-15 13:19:01',	'MUDr. Božena Križanová - ordinace praktického lékaře pro dospělé',	'',	'',	'Žlutická',	'9',	'',	'Plzeň',	'32329',	'',	110,	3),
(199,	'2013-04-15 13:19:01',	'2013-04-15 13:19:01',	'MUDr. Božena Križanová - ordinace praktického lékaře pro dospělé',	'',	'',	'Žlutická',	'9',	'',	'Plzeň',	'32329',	'',	110,	4),
(200,	'2013-04-15 13:21:19',	'2013-04-15 13:21:19',	'MUDr.Jana Císařová,prakt.lékař pro dospělé',	'',	'',	'Karlovotýsnká',	'425',	'',	'Rudná',	'25219',	'',	111,	1),
(201,	'2013-04-15 13:21:19',	'2013-04-15 13:21:19',	'MUDr.Jana Císařová,prakt.lékař pro dospělé',	'',	'',	'Karlovotýsnká',	'425',	'',	'Rudná',	'25219',	'',	111,	3),
(202,	'2013-04-15 13:21:19',	'2013-04-15 13:21:19',	'MUDr.Jana Císařová,prakt.lékař pro dospělé',	'',	'',	'Karlovotýsnká',	'425',	'',	'Rudná',	'25219',	'',	111,	4),
(203,	'2013-04-15 13:23:23',	'2013-04-15 13:23:23',	'PRAKTICKÉ LÉKAŘSTVÍ Vlčkovi s.r.o.',	'',	'',	'Školská',	'15',	'',	'Zábřeh',	'78901',	'',	112,	1),
(204,	'2013-04-15 13:24:07',	'2013-04-15 13:24:07',	'PRAKTICKÉ LÉKAŘSTVÍ Vlčkovi s.r.o.',	'Rudolf',	'Vlček, Mudr.',	'Nýrská ',	'243',	'',	'Janovice nad Úhlavou',	'34021',	'',	112,	4),
(205,	'2013-04-15 13:26:53',	'2013-04-15 13:26:53',	'MUDr. Dagmar Štancová - ordinace praktické lékařky',	'',	'',	'Březová',	'334',	'',	'Město Touškov',	'33033',	'',	113,	1),
(206,	'2013-04-15 13:26:53',	'2013-04-15 13:26:53',	'MUDr. Dagmar Štancová - ordinace praktické lékařky',	'',	'',	'Březová',	'334',	'',	'Město Touškov',	'33033',	'',	113,	3),
(207,	'2013-04-15 13:26:53',	'2013-04-15 13:26:53',	'MUDr. Dagmar Štancová - ordinace praktické lékařky',	'',	'',	'Březová',	'334',	'',	'Město Touškov',	'33033',	'',	113,	4),
(208,	'2013-04-15 13:30:47',	'2013-04-15 13:30:47',	'WASO Medi s.r.o.',	'',	'',	'Ovovcná',	'2',	'157',	'Liberec 6',	'46006',	'',	114,	1),
(209,	'2013-04-15 13:32:58',	'2013-04-15 13:32:58',	'WASO Medi s.r.o.',	'Eva',	'Lenkvíková, Mudr.',	'Hanychovská ',	'781',	'',	'Liberec III-Jeřáb',	'46010',	'',	114,	4),
(210,	'2013-04-15 13:35:25',	'2013-04-15 13:35:25',	'MUDr. Zuzana Vančová',	'',	'',	'Hlinecká',	'64',	'',	'Trhová Kamenice',	'53952',	'',	115,	1),
(211,	'2013-04-15 13:35:25',	'2013-04-15 13:35:25',	'MUDr. Zuzana Vančová',	'',	'',	'Hlinecká',	'64',	'',	'Trhová Kamenice',	'53952',	'',	115,	3),
(212,	'2013-04-15 13:35:25',	'2013-04-15 13:35:25',	'MUDr. Zuzana Vančová',	'',	'',	'Hlinecká',	'64',	'',	'Trhová Kamenice',	'53952',	'',	115,	4),
(213,	'2013-04-15 13:36:58',	'2013-04-15 13:36:58',	'Ordinace Heliovi s.r.o.',	'',	'',	'',	'234',	'',	'Tupesy',	'68707',	'',	116,	1),
(214,	'2013-04-15 13:37:57',	'2013-04-15 13:37:57',	'Ordinace Heliovi s.r.o.',	'Kateřina ',	'Mikušová, Mudr.',	'Polešovice',	'560',	'',	'Polešovice',	'68737',	'',	116,	4),
(215,	'2013-04-15 13:51:11',	'2013-04-15 13:51:11',	'Praktický lékař Beroun s.r.o.',	'',	'',	'Havlíčkova',	'112',	'',	'Beroun',	'26601',	'',	117,	1),
(216,	'2013-04-15 13:51:11',	'2013-04-15 13:51:11',	'Praktický lékař Beroun s.r.o.',	'',	'',	'Havlíčkova',	'112',	'',	'Beroun',	'26601',	'',	117,	3),
(217,	'2013-04-15 13:51:11',	'2013-04-15 13:51:11',	'Praktický lékař Beroun s.r.o.',	'',	'',	'Havlíčkova',	'112',	'',	'Beroun',	'26601',	'',	117,	4),
(218,	'2013-04-15 14:02:20',	'2013-04-15 14:02:20',	'MUDr. Andrea TRČKOVÁ',	'',	'',	'Libušská',	'60',	'',	'Praha Libuš',	'14200',	'',	118,	1),
(219,	'2013-04-15 14:02:20',	'2013-04-15 14:02:20',	'MUDr. Andrea TRČKOVÁ',	'',	'',	'Libušská',	'60',	'',	'Praha Libuš',	'14200',	'',	118,	3),
(220,	'2013-04-15 14:02:20',	'2013-04-15 14:02:20',	'MUDr. Andrea TRČKOVÁ',	'',	'',	'Libušská',	'60',	'',	'Praha Libuš',	'14200',	'',	118,	4),
(221,	'2013-04-15 14:10:06',	'2013-04-15 14:10:06',	'MUDr. Markéta Štěpánková',	'',	'',	'Rooseveltova',	'459',	'',	'Dvůr Králové nad Labem',	'54401',	'',	119,	1),
(222,	'2013-04-29 14:31:05',	'2013-04-29 14:31:05',	'Víšková Anna MUDr.',	'',	'',	'Komenského ',	'77',	'',	'Újezd u Brna',	'66453',	'',	100,	3),
(223,	'2013-05-16 12:46:59',	'2013-05-16 12:46:59',	'Ordinace MUDr. František Škubal s.r.o.',	'',	'',	'Lešenská',	'261',	'',	'Zlín',	'76314',	'',	120,	1),
(224,	'2013-05-16 12:47:35',	'2013-05-16 12:47:35',	'MUDr. Škubal František',	'',	'',	'Kostelec ',	'261',	'',	'Zlín 12',	'763 1',	'',	120,	4),
(225,	'2013-05-17 11:16:13',	'2013-05-17 11:16:13',	'Medicus Polepy s.r.o.',	'',	'',	'Polepy',	'120',	'',	'Polepy',	'41147',	'',	121,	1),
(226,	'2013-05-17 11:16:13',	'2013-05-17 11:16:13',	'Medicus Polepy s.r.o.',	'',	'',	'Polepy',	'120',	'',	'Polepy',	'41147',	'',	121,	4),
(227,	'2013-06-06 09:54:31',	'2013-06-06 09:54:31',	'MUDr. Jan Křivský',	'',	'',	'Lužanská ',	'274',	'',	'Kácov',	'28509',	'',	122,	1),
(228,	'2013-06-06 09:55:04',	'2013-06-06 09:55:04',	'MUDr. Křivský Jan',	'',	'',	' Jirsíkova ',	'74',	'',	'Kácov',	'28509',	'',	122,	4),
(229,	'2013-06-06 09:57:42',	'2013-06-06 09:57:42',	'MUDr. Ladislav Hodeček',	'',	'',	'Myslbekova',	'837',	'',	'Nový Bor',	'47301',	'',	123,	1),
(230,	'2013-06-06 09:58:18',	'2013-06-06 09:58:18',	'MUDr. Hodeček Ladislav',	'',	'',	'B. Egermanna',	'231',	'',	'Nový Bor',	'47301',	'',	123,	4),
(231,	'2013-06-06 10:01:51',	'2013-06-06 10:01:51',	'MUDr. Zdeněk Rottenborn - praktický lékař a internista - MEDITAP s.r.o.',	'',	'',	'Vokáčova',	'1017',	'II',	'Rokycany',	'33701',	'',	124,	1),
(232,	'2013-06-06 10:01:51',	'2013-06-06 10:01:51',	'MUDr. Zdeněk Rottenborn - praktický lékař a internista - MEDITAP s.r.o.',	'',	'',	'Vokáčova',	'1017',	'II',	'Rokycany',	'33701',	'',	124,	4),
(233,	'2013-06-06 10:03:23',	'2013-06-06 10:07:01',	'MEDITAP s.r.o.',	'',	'',	'U Svépomoci',	'7',	'',	'Plzeň',	'30100',	'',	125,	1),
(234,	'2013-06-06 10:04:03',	'2013-06-06 10:04:03',	'MUDr. Škopek Pavel - MEDITAP s.r.o.',	'',	'',	'Husova ',	'760',	'',	'Přeštice',	'33401',	'',	125,	4),
(235,	'2013-06-06 10:08:39',	'2013-06-06 10:08:39',	'MUDr. Lenka Březovská',	'',	'',	'Palackého',	'113',	'14',	'Litoměřice',	'41201',	'',	126,	1),
(236,	'2013-06-06 10:09:21',	'2013-06-06 10:09:21',	'MUDr. Lenka Březovská',	'',	'',	'Boženy Němcové',	'36',	'',	'Terezín',	'41155',	'',	126,	4),
(237,	'2013-06-06 10:11:38',	'2013-06-06 10:11:38',	'MUDR.ZDENEK ALTMAN - PRAKTICKÝ LÉKAŘ',	'',	'',	'Bulharská',	'844',	'',	'Česká Lípa',	'47001',	'',	127,	1),
(238,	'2013-06-06 10:11:38',	'2013-06-06 10:11:38',	'MUDR.ZDENEK ALTMAN - PRAKTICKÝ LÉKAŘ',	'',	'',	'Bulharská',	'844',	'',	'Česká Lípa',	'47001',	'',	127,	4),
(239,	'2013-06-06 10:12:55',	'2013-06-06 10:12:55',	'MUDr Zdeněk Koubek',	'',	'',	'Mělnická',	'31',	'',	'Brandýs nad Labem - Stará Boleslav',	'25001',	'',	128,	1),
(240,	'2013-06-06 10:12:55',	'2013-06-06 10:12:55',	'MUDr Zdeněk Koubek',	'',	'',	'Mělnická',	'31',	'',	'Brandýs nad Labem - Stará Boleslav',	'25001',	'',	128,	4),
(241,	'2013-06-06 10:15:19',	'2013-06-06 10:15:19',	'MUDr.Tomáš GAVLAS',	'',	'',	'',	'327',	'',	'Hradištko',	'25209',	'',	129,	1),
(242,	'2013-06-06 10:38:37',	'2013-06-06 10:38:37',	'MUDr. Petr Bohanes - praktický lékař',	'',	'',	'',	'103',	'',	'Nedvědice',	'59262',	'',	130,	1),
(243,	'2013-06-06 10:38:37',	'2013-06-06 10:38:37',	'MUDr. Petr Bohanes - praktický lékař',	'',	'',	'',	'103',	'',	'Nedvědice',	'59262',	'',	130,	4),
(244,	'2013-06-06 10:54:27',	'2013-06-06 10:54:27',	'Vavřichová Marta MUDr. - praktický lékař',	'',	'',	'Příčná',	'331',	'',	'Železný Brod',	'46822',	'',	131,	1),
(245,	'2013-06-06 10:54:27',	'2013-06-06 10:54:27',	'Vavřichová Marta MUDr. - praktický lékař',	'',	'',	'Příčná',	'331',	'',	'Železný Brod',	'46822',	'',	131,	4),
(246,	'2013-06-12 14:25:56',	'2013-06-12 14:25:56',	'MEDISON s.r.o.',	'',	'',	'Pod všemi svatými ',	'4',	'',	'Plzeň',	'30164',	'',	132,	1),
(247,	'2013-06-12 14:26:46',	'2013-06-12 14:26:46',	'Mudr. Šonka Petr - MEDISON s.r.o.	',	'',	'',	'Husova ',	'760',	'',	'Přeštice',	'33401',	'',	132,	4),
(248,	'2013-06-12 14:33:09',	'2013-06-12 14:33:09',	'MUDR.IVA BEEROVÁ,PRAKTICKÁ A INTERNÍ LÉKAŘKA',	'',	'',	'Zárubova',	'498',	'',	'Praha 12',	'14200',	'',	133,	1),
(249,	'2013-06-12 14:33:09',	'2013-06-12 14:33:09',	'MUDR.IVA BEEROVÁ,PRAKTICKÁ A INTERNÍ LÉKAŘKA',	'',	'',	'Zárubova',	'498',	'',	'Praha 12',	'14200',	'',	133,	4),
(250,	'2013-06-12 14:59:12',	'2013-06-12 15:09:55',	'Praktický lékař MH, s.r.o.',	'',	'',	'Studentská',	'957',	'',	'Mnichovo Hradiště',	'29501',	'',	134,	1),
(251,	'2013-06-12 14:59:42',	'2013-06-12 14:59:42',	'Mudr. Janovská',	'',	'',	'Švermova  ',	'385',	'',	'Mnichovo Hradiště',	'29501',	'',	134,	4),
(252,	'2013-06-12 15:18:23',	'2013-06-12 15:18:23',	'MUDr. Michaela Zilvarová',	'',	'',	'Hlavní',	'10',	'',	'Řepín',	'27733',	'',	135,	1),
(253,	'2013-06-12 15:18:23',	'2013-06-12 15:18:23',	'MUDr. Michaela Zilvarová',	'',	'',	'Hlavní',	'10',	'',	'Řepín',	'27733',	'',	135,	4),
(254,	'2013-06-12 15:21:17',	'2013-06-12 15:21:17',	'MUDr. Yvona Kotroušová',	'',	'',	'',	'524',	'524',	'Blatná',	'38801',	'',	136,	1),
(255,	'2013-06-12 15:21:17',	'2013-06-12 15:21:17',	'MUDr. Yvona Kotroušová',	'',	'',	'',	'524',	'524',	'Blatná',	'38801',	'',	136,	4),
(256,	'2013-06-12 15:38:43',	'2013-06-12 15:38:43',	'MUDR. JAN HOLEC',	'',	'',	'Sokolská',	'87',	'',	'Dobřín',	'41111',	'',	137,	1),
(257,	'2013-06-12 15:39:21',	'2013-06-12 15:39:21',	'Mudr. Holec Jan',	'',	'',	'Sokolská',	'87',	'',	'Třebenice',	'41113',	'',	137,	4),
(258,	'2013-06-12 15:48:08',	'2013-06-12 15:48:08',	'MUDr. Eva Nováková',	'',	'',	'8. pěšího pluku',	'85',	'',	'Frýdek Místek',	'73802',	'',	138,	1),
(259,	'2013-06-12 15:48:08',	'2013-06-12 15:48:08',	'MUDr. Eva Nováková',	'',	'',	'8. pěšího pluku',	'85',	'',	'Frýdek Místek',	'73802',	'',	138,	4),
(260,	'2013-06-12 15:54:52',	'2013-06-12 15:55:24',	'MUDr. Helena HUCLOVÁ',	'',	'',	'Na Úžlabinou',	'444',	'18',	'Praha',	'10800',	'',	139,	1),
(261,	'2013-06-12 15:56:36',	'2013-06-12 15:56:36',	'MUDr. Huclová Helena',	'do 12:30!!!',	'',	'Troilova ',	'475',	'',	'Praha 10',	'10800',	'',	139,	4),
(262,	'2013-06-12 16:00:05',	'2013-06-12 16:00:05',	'MUDR. EVA VRAŠTILOVÁ',	'',	'',	'Mírové náměstí',	'46',	'',	'Úštěk',	'41145',	'',	140,	1),
(263,	'2013-06-12 16:00:05',	'2013-06-12 16:00:05',	'MUDR. EVA VRAŠTILOVÁ',	'',	'',	'Mírové náměstí',	'46',	'',	'Úštěk',	'41145',	'',	140,	4),
(264,	'2013-06-12 16:01:46',	'2013-06-12 16:02:14',	'MUDr. Klára Matoušová',	'pá - 7:30 - 13:00 - areál agro',	'',	'Vestecká ',	'2',	'',	'Zlatníky-Hodkovice',	'25241',	'',	141,	1),
(265,	'2013-06-12 16:01:46',	'2013-06-12 16:01:46',	'MUDr. Klára Matoušová',	'pá - 7:30 - 13:00 - areál agro',	'',	'Vestecká ',	'2',	'',	'Zlatníky-Hodkovice',	'25241',	'',	141,	4),
(266,	'2013-06-12 16:04:37',	'2013-06-12 16:04:37',	'Ordinace Heliovi s.r.o.',	'',	'',	'V humnech',	'1422',	'',	'Kunovice',	'68604',	'',	142,	1),
(267,	'2013-06-12 16:04:37',	'2013-06-12 16:04:37',	'Ordinace Heliovi s.r.o.',	'',	'',	'V humnech',	'1422',	'',	'Kunovice',	'68604',	'',	142,	4),
(268,	'2013-06-12 16:09:25',	'2013-06-12 16:09:25',	'PV-AMBULANCE s.r.o.',	'',	'',	'Nerudova',	'2397',	'3',	'Cheb',	'35000',	'',	143,	1),
(269,	'2013-06-12 16:10:00',	'2013-06-12 16:10:00',	'MUDr. Vajsejtl Pavel  ',	'',	'',	'Americká ',	'29A',	'',	'Frantičkovy Lázně',	'35011',	'',	143,	4),
(270,	'2013-06-12 16:15:50',	'2013-06-12 16:15:50',	'Škvařil Emanuel, MUDr.',	'',	'',	'',	'nám.ČSČK ',	'38',	'Kunštát',	'67972',	'',	144,	1),
(271,	'2013-06-12 16:15:51',	'2013-06-12 16:15:51',	'Škvařil Emanuel, MUDr.',	'',	'',	'',	'nám.ČSČK ',	'38',	'Kunštát',	'67972',	'',	144,	4),
(272,	'2013-06-12 16:19:05',	'2013-06-12 16:19:05',	'OS-Medical s.r.o.',	'',	'',	'Vrchlického ',	'168',	'',	'Slatiňany',	'53821',	'',	145,	1),
(273,	'2013-06-12 16:19:05',	'2013-06-12 16:19:05',	'OS-Medical s.r.o.',	'',	'',	'Vrchlického ',	'168',	'',	'Slatiňany',	'53821',	'',	145,	4),
(274,	'2013-06-12 16:22:48',	'2013-06-12 16:22:48',	'MUDr. Sehnalová Naděžda',	'',	'',	'',	'227',	'',	'Obříství',	'27742',	'',	146,	1),
(275,	'2013-06-12 16:22:48',	'2013-06-12 16:22:48',	'MUDr. Sehnalová Naděžda',	'',	'',	'',	'227',	'',	'Obříství',	'27742',	'',	146,	4),
(276,	'2013-06-12 16:25:50',	'2013-06-12 16:25:50',	'MUDr. Pavel Touška',	'',	'',	'Husova',	'4691',	'',	'Chomutov',	'43003',	'',	147,	1),
(277,	'2013-06-12 16:25:50',	'2013-06-12 16:25:50',	'MUDr. Pavel Touška',	'',	'',	'Husova',	'4691',	'',	'Chomutov',	'43003',	'',	147,	4),
(278,	'2013-06-12 16:30:23',	'2013-06-12 16:30:23',	'POHOŘELÁ JAROSLAVA MUDr.',	'',	'',	'Úzká',	'167',	'8',	'Děčín',	'40502',	'',	148,	1),
(279,	'2013-06-12 16:30:23',	'2013-06-12 16:30:23',	'POHOŘELÁ JAROSLAVA MUDr.',	'',	'',	'Úzká',	'167',	'8',	'Děčín',	'40502',	'',	148,	4),
(280,	'2013-06-13 11:47:16',	'2013-06-13 11:47:16',	'PRAKTICKÝ LÉKAŘ',	'MUDr. Miroslav',	'Bartušek ',	'NAD MALÝM MLÝNEM',	'4',	'',	'Praha',	'14700',	'',	149,	1),
(281,	'2013-06-13 11:48:04',	'2013-06-13 11:48:04',	'MUDr. Bartušek Miroslav',	'',	'',	'Nad Malým mýtem ',	'2b',	'1747',	'Praha 4',	'14000',	'',	149,	4),
(282,	'2013-06-24 15:08:59',	'2013-06-24 15:08:59',	'MUDr. Julie Hollmannová',	'',	'',	'Písečná',	'4621',	'',	'Jablonec nad Nisou',	'46801',	'',	150,	1),
(283,	'2013-06-24 15:10:03',	'2013-06-24 15:10:03',	'MUDr. Hollmannová Julie',	'',	'',	'Resslova',	'3',	'',	'Jablonec nad Nisou',	'46601',	'',	150,	4),
(284,	'2013-06-24 16:13:06',	'2013-06-24 16:13:06',	'InMed-SV s.r.o.',	'',	'',	'',	'44',	'',	'Jenčice',	'41115',	'',	151,	1),
(285,	'2013-06-24 16:13:45',	'2013-06-24 16:13:50',	'Mudr Švábová Markéta',	'',	'',	':Školní ',	'5',	'455',	'Lovosice',	'41002',	'',	151,	4),
(286,	'2013-06-24 16:24:28',	'2013-06-24 16:24:28',	'Zdravotní středisko Zbůch s.r.o.',	'',	'',	'Plzeňská',	'384',	'',	'Zbůch',	'33022',	'',	152,	1),
(287,	'2013-06-24 16:24:28',	'2013-06-24 16:24:28',	'Zdravotní středisko Zbůch s.r.o.',	'',	'',	'Plzeňská',	'384',	'',	'Zbůch',	'33022',	'',	152,	4),
(288,	'2013-06-24 16:26:41',	'2013-06-24 16:27:08',	'MUDr. Hana Šedivá',	'',	'',	'',	'54',	'',	'Malšice',	'39175',	'',	153,	1),
(289,	'2013-07-07 09:06:35',	'2013-07-07 09:07:09',	'Poliklinika Lesná',	'',	'',	'Halasovo náměstí ',	'597/1 ',	'',	'Brno',	'63800',	'',	154,	1),
(290,	'2013-07-07 09:32:01',	'2013-08-09 11:26:32',	'Poliklinika Lesná',	'MUDr.Radmila',	'Snášelová',	'Halasovo náměstí',	'1',	'',	'Brno',	'63800',	'',	155,	1),
(291,	'2013-07-07 09:44:31',	'2013-07-07 09:44:31',	'Poliklinika Lesná',	'',	'',	'Halasovo náměstí',	'597/1',	'',	'Brno',	'63800',	'',	156,	1),
(292,	'2013-07-07 09:59:09',	'2013-07-07 09:59:09',	'KRKA-REP',	'',	'',	'Sokolovská',	'79/192',	'',	'Praha',	'18600',	'',	157,	1),
(293,	'2013-07-09 21:12:05',	'2013-07-09 21:12:05',	'KRKA-REP',	'',	'',	'',	'Sokolovská',	'79/192',	'Praha',	'18600',	'',	158,	1),
(294,	'2013-07-09 21:13:27',	'2013-07-09 21:13:27',	'KRKA-REP',	'',	'',	'Sokolovská',	'79/192',	'',	'Praha',	'18600',	'',	159,	1),
(295,	'2013-07-09 21:14:38',	'2013-07-09 21:14:38',	'KRKA-REP',	'',	'',	'Sokolovská',	'79/192',	'',	'Praha',	'18600',	'',	160,	1),
(296,	'2013-07-09 21:15:36',	'2013-07-09 21:15:36',	'KRKA-REP',	'',	'',	'Sokolovská',	'79/192',	'',	'Praha',	'18600',	'',	161,	1),
(297,	'2013-07-09 21:18:08',	'2013-07-09 21:18:08',	'MEDOCHEMIE-REP',	'',	'',	'Lehárova',	'1808/11',	'',	'Praha',	'14300',	'',	162,	1),
(298,	'2013-07-09 21:20:19',	'2013-07-09 21:20:19',	'ORIONPHARMA-REP',	'',	'',	'Zelený pruh',	'95/97',	'',	'Praha',	'14000',	'',	163,	1),
(299,	'2013-07-11 08:51:57',	'2013-07-23 11:33:03',	'ORTOPEDIE',	'',	'',	'Bohunická ',	'81',	'',	'Brno',	'61900',	'',	164,	1),
(300,	'2013-07-19 11:57:13',	'2013-07-19 11:57:13',	'MUDr. Jana Lenartová s.r.o',	'',	'',	'V Mešníku',	'5088',	'4',	'Ostrava-Třebovice',	'72200',	'',	165,	1),
(301,	'2013-07-19 11:57:13',	'2013-07-19 11:57:13',	'MUDr. Jana Lenartová s.r.o',	'',	'',	'V Mešníku',	'5088',	'4',	'Ostrava-Třebovice',	'72200',	'',	165,	4),
(302,	'2013-07-19 13:28:27',	'2013-07-19 13:28:27',	'MUDR. JAROSLAVA KUDLÁČKOVÁ',	'',	'',	'Polní',	'175',	'',	'Chrastava',	'46331',	'',	166,	1),
(303,	'2013-07-19 13:28:27',	'2013-07-19 13:28:27',	'MUDR. JAROSLAVA KUDLÁČKOVÁ',	'',	'',	'Polní',	'175',	'',	'Chrastava',	'46331',	'',	166,	4),
(304,	'2013-07-19 13:28:28',	'2013-07-19 13:28:28',	'MUDR. JAROSLAVA KUDLÁČKOVÁ',	'',	'',	'Polní',	'175',	'',	'Chrastava',	'46331',	'',	167,	1),
(305,	'2013-07-19 13:28:28',	'2013-07-19 13:28:28',	'MUDR. JAROSLAVA KUDLÁČKOVÁ',	'',	'',	'Polní',	'175',	'',	'Chrastava',	'46331',	'',	167,	4),
(306,	'2013-07-19 13:36:43',	'2013-07-19 13:36:43',	'MUDr. Jana Hrabalová',	'',	'',	'',	'520',	'',	'Březolupy',	'68713',	'',	168,	1),
(307,	'2013-07-19 13:36:43',	'2013-07-19 13:36:43',	'MUDr. Jana Hrabalová',	'',	'',	'',	'520',	'',	'Březolupy',	'68713',	'',	168,	4),
(308,	'2013-07-19 13:41:35',	'2013-07-19 13:41:35',	'Caretta s.r.o.',	'',	'',	'Podvinný Mlýn',	'2127',	'3',	'Praha 9',	'19000',	'',	169,	1),
(309,	'2013-07-19 13:43:54',	'2013-07-19 13:43:54',	'MUDr. Šraierová Dana',	'',	'',	'Lovosická',	'440',	'40',	'Praha 9',	'19000',	'',	169,	4),
(310,	'2013-07-19 14:06:21',	'2013-07-19 14:06:21',	'MUDr. Homolková Jana',	'',	'',	'Palackého',	'5001',	'1',	'Jihlava',	'58601',	'',	170,	1),
(311,	'2013-07-19 14:27:43',	'2013-07-19 14:27:43',	'MUDr. Homolková Jana',	'',	'',	'Znojemská',	'41',	'',	'Jihlava',	'58601',	'',	170,	4),
(312,	'2013-07-19 14:31:01',	'2013-07-19 14:31:01',	'Ordinace JACH-TA, s.r.o.',	'',	'',	'Na Petřinách',	'1768',	'49',	'Praha 6 - Břevnov',	'16200',	'',	171,	1),
(313,	'2013-07-19 14:31:41',	'2013-07-19 14:32:00',	'MUDr. Mahdíková Taťána',	'vstup z ulice vedle vrátnice, areál ústavu jaderného výzkumu',	'',	'Hlavní',	'130',	'',	'Husinec',	'25068',	'',	171,	4),
(314,	'2013-07-19 14:35:51',	'2013-07-19 14:35:51',	'MUDr. Pátíková Barbora',	'',	'',	'tř. Odboje',	'852',	'',	'Otrokovice',	'76502',	'',	172,	1),
(315,	'2013-07-19 14:35:51',	'2013-07-19 14:35:51',	'MUDr. Pátíková Barbora',	'',	'',	'tř. Odboje',	'852',	'',	'Otrokovice',	'76502',	'',	172,	4),
(316,	'2013-07-19 15:36:36',	'2013-07-19 15:36:36',	'MUDr. Jursík Peter',	'',	'',	'Maxima Grokého',	'18',	'981',	'Vejprty',	'43191',	'',	173,	1),
(317,	'2013-07-19 15:36:36',	'2013-07-19 15:36:36',	'MUDr. Jursík Peter',	'',	'',	'Maxima Grokého',	'18',	'981',	'Vejprty',	'43191',	'',	173,	4),
(318,	'2013-07-19 15:43:49',	'2013-07-19 15:43:49',	'MUDr. Švébiš Martin',	'',	'',	'Hlavní',	'88',	'',	'Frýdlant nad Ostravicí',	'73911',	'',	174,	1),
(319,	'2013-07-19 15:43:49',	'2013-07-19 15:43:49',	'MUDr. Švébiš Martin',	'',	'',	'Hlavní',	'88',	'',	'Frýdlant nad Ostravicí',	'73911',	'',	174,	4),
(320,	'2013-07-19 15:45:16',	'2013-07-19 15:45:16',	'MUDr. Oušková Jana ',	'',	'',	'Ruprechtická',	'548',	'59',	'Liberec',	'46001',	'',	175,	1),
(321,	'2013-07-19 15:45:16',	'2013-07-19 15:45:16',	'MUDr. Oušková Jana ',	'',	'',	'Ruprechtická',	'548',	'59',	'Liberec',	'46001',	'',	175,	4),
(322,	'2013-07-19 15:53:36',	'2013-07-19 15:53:36',	'MUDr. Duchanová Michaela',	'',	'',	'Horní',	'78',	'',	'Doksy',	'47201',	'',	176,	1),
(323,	'2013-07-19 15:54:29',	'2013-07-19 15:54:29',	'MUDr. Duchanová Michaela',	'',	'',	'Tovární Vrch',	'78',	'',	'Doksy',	'47201',	'',	176,	4),
(324,	'2013-07-19 15:58:05',	'2013-07-19 15:58:05',	'MUDr. Jedličková Zuzana',	'',	'',	'Rajmnova',	'1199',	'4',	'Praha 8',	'18200',	'',	177,	1),
(325,	'2013-07-19 15:58:05',	'2013-07-19 15:58:05',	'MUDr. Jedličková Zuzana',	'',	'',	'Rajmnova',	'1199',	'4',	'Praha 8',	'18200',	'',	177,	4),
(326,	'2013-07-19 16:02:27',	'2013-07-19 16:02:27',	'MUDr. Škoda Vladimír',	'',	'',	'Sovětská',	'912',	'',	'Bučovice',	'68501',	'',	178,	1),
(327,	'2013-07-19 16:02:27',	'2013-07-19 16:02:27',	'MUDr. Škoda Vladimír',	'',	'',	'Sovětská',	'912',	'',	'Bučovice',	'68501',	'',	178,	4),
(328,	'2013-07-19 16:11:11',	'2013-07-19 16:11:11',	'MUDr. Švandová Květa',	'',	'',	'Masarykova',	'76',	'',	'Humpolec',	'39601',	'',	179,	1),
(329,	'2013-07-19 16:11:40',	'2013-07-19 16:11:40',	'MUDr. Švandová Květa',	'',	'',	'Masarykova ',	'885',	'',	'Humpolec',	'39601',	'',	179,	4),
(330,	'2013-07-19 16:14:23',	'2013-07-19 16:14:23',	'MUDr. Makovec Miroslav',	'',	'',	'J. K. Tyla',	'790',	'',	'Sokolov',	'35601',	'',	180,	1),
(331,	'2013-07-19 16:14:23',	'2013-07-19 16:14:23',	'MUDr. Makovec Miroslav',	'',	'',	'J. K. Tyla',	'790',	'',	'Sokolov',	'35601',	'',	180,	4),
(332,	'2013-07-19 16:15:32',	'2013-07-19 16:15:32',	'MUDr. Pavlíček Martin',	'',	'',	'B. Němcové',	'738',	'',	'Náchod',	'54701',	'',	181,	1),
(333,	'2013-07-19 16:15:32',	'2013-07-19 16:15:32',	'MUDr. Pavlíček Martin',	'',	'',	'B. Němcové',	'738',	'',	'Náchod',	'54701',	'',	181,	4),
(334,	'2013-07-19 16:18:50',	'2013-07-19 16:18:50',	'MUDr. Cinertová Marie',	'',	'',	'Plzeňská',	'433',	'',	'Třemošná',	'33011',	'',	182,	1),
(335,	'2013-07-19 16:18:50',	'2013-07-19 16:18:50',	'MUDr. Cinertová Marie',	'',	'',	'Plzeňská',	'433',	'',	'Třemošná',	'33011',	'',	182,	4),
(336,	'2013-07-19 16:20:48',	'2013-07-19 16:20:48',	'Micy s.r.o.',	'',	'',	'',	'25',	'',	'Nový Šaldorf-Sedlešovice',	'67181',	'',	183,	1),
(337,	'2013-07-19 16:20:48',	'2013-07-19 16:20:48',	'Micy s.r.o.',	'',	'',	'',	'25',	'',	'Nový Šaldorf-Sedlešovice',	'67181',	'',	183,	4),
(338,	'2013-07-23 09:51:23',	'2013-07-23 09:51:37',	'MUDr. Jurásek Jan',	'',	'',	'Školská',	'15',	'',	'Zábřeh',	'78901',	'',	184,	1),
(339,	'2013-07-23 09:51:23',	'2013-07-23 09:51:23',	'MUDr. Jurásek Jan',	'',	'',	'Školská',	'15',	'',	'Zábřeh',	'78901',	'',	184,	4),
(340,	'2013-07-23 10:54:24',	'2013-07-23 10:54:24',	'MUDr. Hošek Josef',	'',	'',	'Palackého',	'60',	'',	'Nechanice',	'50315',	'',	185,	1),
(341,	'2013-07-23 10:54:24',	'2013-07-23 10:54:24',	'MUDr. Hošek Josef',	'',	'',	'Palackého',	'60',	'',	'Nechanice',	'50315',	'',	185,	4),
(342,	'2013-07-23 10:55:19',	'2013-07-23 10:55:19',	'Mudr. Konáš Jiří',	'',	'',	'Buzulucká',	'501',	'',	'Komárov',	'26762',	'',	186,	1),
(343,	'2013-07-23 10:55:19',	'2013-07-23 10:55:19',	'Mudr. Konáš Jiří',	'',	'',	'Buzulucká',	'501',	'',	'Komárov',	'26762',	'',	186,	4),
(344,	'2013-07-23 10:56:37',	'2013-07-23 10:56:37',	'MUDr. Tomáštík Dalibor',	'',	'',	'',	'103',	'',	'Osvětimany',	'68742',	'',	187,	1),
(345,	'2013-07-23 10:56:37',	'2013-07-23 10:56:37',	'MUDr. Tomáštík Dalibor',	'',	'',	'',	'103',	'',	'Osvětimany',	'68742',	'',	187,	4),
(346,	'2013-07-23 10:57:41',	'2013-07-23 10:57:41',	'MUDr. Krtičková Miroslava',	'',	'',	'Jiřího z Poděbrad',	'221',	'',	'Hronov',	'54931',	'',	188,	1),
(347,	'2013-07-23 10:57:41',	'2013-07-23 10:57:41',	'MUDr. Krtičková Miroslava',	'',	'',	'Jiřího z Poděbrad',	'221',	'',	'Hronov',	'54931',	'',	188,	4),
(348,	'2013-07-23 10:58:55',	'2013-07-23 10:58:55',	'MUDr. Jaroslav Trávníček',	'',	'',	'Palackého',	'52',	'',	'Sedlice',	'38732',	'',	189,	1),
(349,	'2013-07-23 11:00:25',	'2013-07-23 11:00:25',	'MUDr. Jaroslav Trávníček',	'',	'',	'Sídliště I',	'356',	'',	'Sedlice u Blatné',	'38732',	'',	189,	4),
(350,	'2013-07-23 11:03:24',	'2013-07-23 11:03:24',	'Mudr. Koňařík Rostislav',	'',	'',	'Tvrdého',	'293',	'',	'Praha 18',	'19900',	'',	190,	1),
(351,	'2013-07-23 11:04:55',	'2013-07-23 11:04:55',	'Mudr. Koňařík Rostislav - Zdravotní středisko',	'',	'',	'Neratovická',	'237',	'',	'Kostlec nad Labem',	'27713',	'',	190,	4),
(352,	'2013-07-23 11:06:49',	'2013-07-23 11:06:49',	'Ordinace PL Karlín, s.r.o.',	'',	'',	'Šaldova',	'24',	'',	'Praha 8',	'18600',	'',	191,	1),
(353,	'2013-07-23 11:06:49',	'2013-07-23 11:06:49',	'Ordinace PL Karlín, s.r.o.',	'',	'',	'Šaldova',	'24',	'',	'Praha 8',	'18600',	'',	191,	4),
(354,	'2013-07-23 11:31:02',	'2013-07-23 11:32:29',	'Poliklinika Lesná',	'',	'',	'Halasovo náměstí',	'597/1',	'',	'Brno',	'63800',	'',	192,	1),
(355,	'2013-07-23 13:50:18',	'2013-07-23 13:50:18',	'MUDr. Košťál Jiří',	'',	'',	'Baarova',	'20',	'23',	'Teplice',	'41501',	'',	193,	1),
(356,	'2013-07-23 13:50:48',	'2013-07-23 13:50:48',	'MUDr. Košťál Jiří',	'',	'',	'Družby',	'51',	'',	'Duchcov',	'41901',	'',	193,	4),
(357,	'2013-07-23 13:52:37',	'2013-07-23 13:52:37',	'MUDr. Voříšková Jana',	'',	'',	'Syllabova',	'99',	'',	'Bystřice',	'25751',	'',	194,	1),
(358,	'2013-07-23 13:53:12',	'2013-07-23 13:53:12',	'MUDr. Voříšková Jana',	'',	'',	'Syllabova  ',	'450',	'',	'Bystřice u Benešova',	'25751',	'',	194,	4),
(359,	'2013-07-23 14:43:29',	'2013-07-23 14:43:29',	'MUDr. Masopustová Jolana',	'',	'',	'Poštovní',	'593',	'',	'Zruč na Sázavou',	'28522',	'',	195,	1),
(360,	'2013-07-23 14:47:42',	'2013-07-23 14:47:42',	'MUDr. Masopustová Jolana',	'',	'',	'Poštovní ',	'593',	'',	'Zruč nad Sázavou',	'28522',	'',	195,	4),
(361,	'2013-07-23 14:52:53',	'2013-07-23 14:52:53',	'MUDr. Kolářová Markéta',	'',	'',	'Pražská',	'221',	'',	'Mělník',	'27601',	'',	196,	1),
(362,	'2013-07-23 14:52:53',	'2013-07-23 14:52:53',	'MUDr. Kolářová Markéta',	'',	'',	'Pražská',	'221',	'',	'Mělník',	'27601',	'',	196,	4),
(363,	'2013-07-23 14:53:43',	'2013-07-23 14:53:43',	'MUDr. Guičová Iva',	'',	'',	'Lovosická',	'40',	'440',	'Praha 9',	'19000',	'',	197,	1),
(364,	'2013-07-23 14:53:43',	'2013-07-23 14:53:43',	'MUDr. Guičová Iva',	'',	'',	'Lovosická',	'40',	'440',	'Praha 9',	'19000',	'',	197,	4),
(365,	'2013-07-23 14:55:05',	'2013-07-23 14:55:05',	'Medicle s.r.o.',	'',	'',	'Družstevní',	'1991',	'28',	'Plzeň 3',	'30100',	'',	198,	1),
(366,	'2013-07-23 14:55:47',	'2013-07-23 14:55:47',	'MUDr. Dvořák Josef',	'',	'',	'Masarykovo nám.',	'351',	'',	'Nýřany',	'33023',	'',	198,	4),
(367,	'2013-08-09 11:36:06',	'2013-08-09 11:36:06',	'RA MEDIA s.r.o.',	'',	'',	'Halasovo nám.',	'1',	'',	'Brno',	'63800',	'',	155,	3),
(368,	'2013-08-12 10:10:38',	'2013-08-12 10:10:38',	'Poliklinika Lesná',	'',	'',	'Halasovo náměstí',	'597/1',	'',	'Brno',	'63800',	'',	199,	1);

DROP TABLE IF EXISTS `anniversaries`;
CREATE TABLE `anniversaries` (
  `id` int(10) unsigned NOT NULL AUTO_INCREMENT,
  `created` datetime NOT NULL,
  `modified` datetime NOT NULL,
  `date` date NOT NULL,
  `anniversary_type_id` int(10) unsigned NOT NULL,
  `anniversary_action_id` int(10) unsigned NOT NULL,
  `contact_person_id` int(10) unsigned NOT NULL,
  `note` varchar(255) COLLATE utf8_czech_ci NOT NULL,
  PRIMARY KEY (`id`)
) ENGINE=InnoDB DEFAULT CHARSET=utf8 COLLATE=utf8_czech_ci;

INSERT INTO `anniversaries` (`id`, `created`, `modified`, `date`, `anniversary_type_id`, `anniversary_action_id`, `contact_person_id`, `note`) VALUES
(1,	'2013-01-24 19:40:30',	'2013-01-24 19:40:30',	'2013-08-18',	1,	2,	1,	''),
(2,	'2013-01-29 17:49:54',	'2013-01-29 17:49:54',	'2013-04-04',	1,	2,	2,	''),
(3,	'2013-01-29 17:50:24',	'2013-01-29 17:50:24',	'1974-05-28',	2,	1,	2,	''),
(4,	'2013-01-29 21:02:25',	'2013-01-29 21:02:25',	'2013-11-04',	1,	2,	3,	''),
(5,	'2013-01-29 21:05:51',	'2013-01-29 21:05:51',	'2013-03-29',	1,	2,	4,	''),
(6,	'2013-01-29 21:11:41',	'2013-01-29 21:11:41',	'2013-06-09',	1,	2,	5,	''),
(7,	'2013-01-29 21:19:01',	'2013-01-29 21:19:01',	'2013-12-28',	1,	2,	6,	''),
(8,	'2013-01-30 14:01:01',	'2013-01-30 14:01:01',	'2013-12-01',	1,	2,	7,	''),
(9,	'2013-01-30 14:03:42',	'2013-01-30 14:03:42',	'2013-09-15',	1,	2,	8,	''),
(10,	'2013-01-30 14:08:56',	'2013-01-30 14:08:56',	'2013-05-24',	1,	2,	9,	''),
(11,	'2013-01-30 14:15:56',	'2013-01-30 14:15:56',	'2013-02-21',	1,	2,	12,	''),
(12,	'2013-01-30 14:18:33',	'2013-01-30 14:18:33',	'2013-12-18',	1,	2,	13,	''),
(13,	'2013-01-30 14:35:30',	'2013-01-30 14:35:30',	'2013-08-17',	1,	2,	15,	''),
(14,	'2013-01-30 14:38:26',	'2013-01-30 14:38:26',	'2013-07-17',	1,	2,	16,	''),
(15,	'2013-01-30 14:42:10',	'2013-01-30 14:42:10',	'2013-09-28',	1,	2,	17,	''),
(16,	'2013-01-30 14:43:56',	'2013-01-30 14:43:56',	'2013-06-24',	1,	2,	18,	''),
(17,	'2013-01-30 14:46:59',	'2013-01-30 14:46:59',	'2013-07-11',	1,	2,	19,	''),
(18,	'2013-01-30 16:04:43',	'2013-01-30 16:04:43',	'2013-11-18',	1,	2,	20,	''),
(19,	'2013-01-30 16:08:38',	'2013-01-30 16:08:38',	'2013-12-17',	1,	2,	21,	''),
(20,	'2013-01-30 16:16:20',	'2013-01-30 16:16:20',	'2013-09-24',	1,	2,	22,	''),
(21,	'2013-01-30 16:17:50',	'2013-01-30 16:17:50',	'2013-01-23',	1,	2,	23,	''),
(22,	'2013-01-30 16:21:50',	'2013-01-30 16:21:50',	'2013-06-24',	1,	2,	24,	''),
(23,	'2013-01-30 16:23:34',	'2013-01-30 16:23:34',	'2013-09-14',	1,	2,	25,	''),
(24,	'2013-01-30 16:26:05',	'2013-01-30 16:26:05',	'2013-09-12',	1,	2,	26,	''),
(25,	'2013-01-30 16:31:38',	'2013-01-30 16:31:38',	'2013-07-01',	1,	2,	27,	''),
(26,	'2013-01-30 16:34:04',	'2013-01-30 16:34:04',	'2013-03-19',	1,	2,	28,	''),
(27,	'2013-01-30 16:37:56',	'2013-01-30 16:37:56',	'2013-04-13',	1,	2,	29,	''),
(28,	'2013-01-30 16:45:38',	'2013-01-30 16:45:38',	'2013-04-24',	1,	2,	30,	''),
(30,	'2013-02-07 15:15:17',	'2013-02-07 15:15:17',	'2013-08-03',	1,	2,	33,	''),
(31,	'2013-02-07 15:23:45',	'2013-02-07 15:23:45',	'2013-03-17',	1,	2,	34,	''),
(32,	'2013-02-07 15:30:53',	'2013-02-07 15:30:53',	'2013-08-13',	1,	2,	35,	''),
(33,	'2013-02-07 15:35:14',	'2013-02-07 15:35:14',	'2013-12-01',	1,	2,	36,	''),
(34,	'2013-02-07 15:45:59',	'2013-02-07 15:45:59',	'2013-08-09',	1,	2,	37,	''),
(35,	'2013-02-07 15:53:58',	'2013-02-07 15:53:58',	'2013-05-19',	1,	2,	38,	''),
(36,	'2013-02-07 16:23:31',	'2013-02-07 16:23:31',	'2013-12-09',	1,	2,	39,	''),
(37,	'2013-02-07 16:27:43',	'2013-02-07 16:27:43',	'2013-06-23',	1,	2,	40,	''),
(38,	'2013-02-07 16:29:44',	'2013-02-07 16:29:44',	'2013-09-04',	1,	2,	41,	''),
(39,	'2013-02-07 16:31:43',	'2013-02-07 16:31:43',	'2013-06-23',	1,	2,	42,	''),
(40,	'2013-02-07 16:40:27',	'2013-02-07 16:40:27',	'2013-12-01',	1,	2,	43,	''),
(41,	'2013-02-07 16:46:19',	'2013-02-07 16:46:19',	'2013-08-11',	1,	2,	44,	''),
(42,	'2013-02-07 16:49:56',	'2013-02-07 16:49:56',	'2013-10-01',	1,	2,	46,	''),
(43,	'2013-02-07 16:53:03',	'2013-02-07 16:53:03',	'2013-02-21',	1,	2,	48,	''),
(44,	'2013-02-12 15:28:29',	'2013-02-12 15:28:29',	'2013-05-24',	1,	2,	49,	''),
(45,	'2013-02-12 16:24:58',	'2013-02-12 16:24:58',	'2013-10-19',	1,	2,	50,	''),
(46,	'2013-02-12 17:11:29',	'2013-02-12 17:11:40',	'2013-05-24',	1,	2,	52,	''),
(47,	'2013-02-12 17:17:48',	'2013-02-12 17:17:48',	'2013-10-08',	1,	2,	54,	''),
(48,	'2013-02-12 17:38:09',	'2013-02-12 17:38:09',	'2013-04-24',	1,	2,	55,	''),
(49,	'2013-02-12 17:40:04',	'2013-02-12 17:40:04',	'2013-08-18',	1,	2,	56,	''),
(50,	'2013-03-05 14:23:58',	'2013-03-05 14:23:58',	'2013-12-24',	1,	2,	59,	''),
(51,	'2013-03-05 14:31:39',	'2013-03-05 14:31:39',	'2013-08-18',	1,	2,	60,	''),
(52,	'2013-03-05 14:37:58',	'2013-03-05 14:37:58',	'2013-02-22',	1,	2,	61,	''),
(53,	'2013-03-05 14:46:31',	'2013-03-05 14:46:31',	'2013-02-21',	1,	2,	63,	''),
(54,	'2013-03-05 15:22:17',	'2013-03-05 15:22:17',	'2013-04-04',	1,	2,	64,	''),
(55,	'2013-03-05 15:53:52',	'2013-03-05 15:53:52',	'2013-02-22',	1,	2,	65,	''),
(56,	'2013-03-05 15:58:04',	'2013-03-05 15:58:04',	'2013-03-07',	1,	2,	66,	''),
(57,	'2013-03-05 16:11:53',	'2013-03-05 16:11:53',	'2013-04-24',	1,	2,	67,	''),
(58,	'2013-03-06 11:10:06',	'2013-03-06 11:10:06',	'2013-11-08',	1,	2,	68,	''),
(59,	'2013-03-06 12:38:33',	'2013-03-06 12:38:33',	'2013-06-28',	1,	2,	69,	''),
(60,	'2013-03-06 15:41:53',	'2013-03-06 15:41:53',	'2013-02-22',	1,	2,	70,	''),
(61,	'2013-03-06 15:46:40',	'2013-03-06 15:46:40',	'2013-05-21',	1,	2,	71,	''),
(62,	'2013-03-06 15:47:04',	'2013-03-06 15:47:04',	'2013-10-13',	1,	2,	72,	''),
(63,	'2013-03-06 15:50:55',	'2013-03-06 15:50:55',	'2013-05-23',	1,	2,	73,	''),
(64,	'2013-04-02 14:13:43',	'2013-04-02 14:13:43',	'2013-06-22',	1,	2,	74,	''),
(65,	'2013-04-02 14:17:30',	'2013-04-02 14:17:30',	'2013-01-23',	1,	2,	75,	''),
(66,	'2013-04-02 14:21:14',	'2013-04-02 14:21:14',	'2013-08-18',	1,	2,	76,	''),
(67,	'2013-04-02 15:32:21',	'2013-04-02 15:32:21',	'2013-05-24',	1,	2,	78,	''),
(68,	'2013-04-02 15:39:07',	'2013-04-02 15:39:07',	'2013-12-24',	1,	2,	79,	''),
(69,	'2013-04-03 15:53:16',	'2013-04-03 15:53:16',	'2013-02-22',	1,	2,	80,	''),
(70,	'2013-04-15 13:21:50',	'2013-04-15 13:21:50',	'2013-05-24',	1,	2,	81,	''),
(71,	'2013-04-15 13:24:37',	'2013-04-15 13:24:37',	'2013-04-17',	1,	2,	82,	''),
(72,	'2013-04-15 13:27:52',	'2013-04-15 13:27:52',	'2013-12-20',	1,	2,	83,	''),
(73,	'2013-04-15 13:32:01',	'2013-04-15 13:32:01',	'2013-12-24',	1,	2,	84,	''),
(74,	'2013-04-15 13:38:38',	'2013-04-15 13:38:38',	'2013-11-25',	1,	2,	85,	''),
(75,	'2013-06-06 09:52:23',	'2013-06-06 09:52:23',	'2013-03-07',	1,	2,	86,	''),
(76,	'2013-06-06 09:55:34',	'2013-06-06 09:55:34',	'2013-06-24',	1,	2,	87,	''),
(77,	'2013-06-06 10:09:57',	'2013-06-06 10:09:57',	'2013-02-21',	1,	2,	88,	''),
(78,	'2013-06-06 10:13:51',	'2013-06-06 10:13:51',	'2013-01-23',	1,	2,	89,	''),
(79,	'2013-06-12 14:27:15',	'2013-06-12 14:27:15',	'2013-02-22',	1,	2,	90,	''),
(80,	'2013-06-12 15:10:19',	'2013-06-12 15:10:19',	'2013-05-24',	1,	2,	91,	''),
(81,	'2013-06-12 15:39:47',	'2013-06-12 15:39:47',	'2013-06-24',	1,	2,	92,	''),
(82,	'2013-06-12 16:05:08',	'2013-06-12 16:05:08',	'2013-04-09',	1,	2,	93,	''),
(83,	'2013-06-12 16:05:09',	'2013-06-12 16:05:09',	'2013-04-09',	1,	2,	94,	''),
(84,	'2013-06-12 16:19:41',	'2013-06-12 16:19:41',	'2013-06-03',	1,	2,	96,	''),
(85,	'2013-06-12 16:23:16',	'2013-06-12 16:23:16',	'2013-09-17',	1,	2,	97,	''),
(86,	'2013-06-24 16:15:37',	'2013-06-24 16:15:37',	'2013-07-13',	1,	2,	98,	''),
(87,	'2013-07-23 11:01:28',	'2013-07-23 11:01:28',	'2013-04-27',	1,	2,	99,	''),
(88,	'2013-07-23 11:04:11',	'2013-07-23 11:04:11',	'2013-04-19',	1,	2,	100,	'');

DROP TABLE IF EXISTS `anniversary_actions`;
CREATE TABLE `anniversary_actions` (
  `id` int(10) unsigned NOT NULL AUTO_INCREMENT,
  `created` datetime NOT NULL,
  `modified` datetime NOT NULL,
  `name` varchar(100) COLLATE utf8_czech_ci NOT NULL,
  PRIMARY KEY (`id`)
) ENGINE=InnoDB DEFAULT CHARSET=utf8 COLLATE=utf8_czech_ci;

INSERT INTO `anniversary_actions` (`id`, `created`, `modified`, `name`) VALUES
(1,	'2011-01-30 10:09:04',	'2011-01-30 10:09:04',	'poslat email'),
(2,	'2011-01-30 10:09:13',	'2011-01-30 10:09:13',	'upozornit');

DROP TABLE IF EXISTS `anniversary_types`;
CREATE TABLE `anniversary_types` (
  `id` int(10) unsigned NOT NULL AUTO_INCREMENT,
  `created` datetime NOT NULL,
  `modified` datetime NOT NULL,
  `name` varchar(100) COLLATE utf8_czech_ci NOT NULL,
  `every_year` tinyint(1) NOT NULL DEFAULT '1',
  PRIMARY KEY (`id`)
) ENGINE=InnoDB DEFAULT CHARSET=utf8 COLLATE=utf8_czech_ci;

INSERT INTO `anniversary_types` (`id`, `created`, `modified`, `name`, `every_year`) VALUES
(1,	'2011-01-24 17:45:11',	'2011-03-03 19:07:34',	'Svátek',	1),
(2,	'2011-01-24 17:45:39',	'2011-01-30 11:59:20',	'Narozeniny',	1),
(4,	'2011-03-25 09:26:41',	'2011-03-25 09:26:41',	'neopakujici',	0),
(5,	'2011-04-27 16:01:55',	'2011-04-27 16:01:55',	'jiné opakující',	1);

DROP TABLE IF EXISTS `aros`;
CREATE TABLE `aros` (
  `id` int(10) unsigned NOT NULL AUTO_INCREMENT,
  `parent_id` int(10) DEFAULT NULL,
  `model` varchar(255) COLLATE utf8_czech_ci DEFAULT '',
  `foreign_key` int(10) unsigned DEFAULT NULL,
  `alias` varchar(255) COLLATE utf8_czech_ci DEFAULT '',
  `lft` int(10) DEFAULT NULL,
  `rght` int(10) DEFAULT NULL,
  PRIMARY KEY (`id`)
) ENGINE=InnoDB DEFAULT CHARSET=utf8 COLLATE=utf8_czech_ci;

INSERT INTO `aros` (`id`, `parent_id`, `model`, `foreign_key`, `alias`, `lft`, `rght`) VALUES
(1,	NULL,	'UserType',	1,	'admin',	1,	10),
(2,	1,	'User',	1,	'Polák Martin',	2,	3),
(3,	NULL,	'UserType',	2,	'manager',	11,	16),
(5,	NULL,	'UserType',	3,	'user',	17,	22),
(12,	1,	'User',	9,	'',	4,	5),
(13,	1,	'User',	10,	'',	6,	7),
(14,	5,	'User',	11,	'',	18,	19),
(15,	3,	'User',	12,	'',	12,	13),
(16,	1,	'User',	13,	'',	8,	9),
(17,	5,	'User',	14,	'',	20,	21),
(18,	3,	'User',	15,	'',	14,	15);

DROP TABLE IF EXISTS `aros_acos`;
CREATE TABLE `aros_acos` (
  `id` int(10) unsigned NOT NULL AUTO_INCREMENT,
  `aro_id` int(10) unsigned NOT NULL,
  `aco_id` int(10) unsigned NOT NULL,
  `_create` char(2) COLLATE utf8_czech_ci NOT NULL DEFAULT '0',
  `_read` char(2) COLLATE utf8_czech_ci NOT NULL DEFAULT '0',
  `_update` char(2) COLLATE utf8_czech_ci NOT NULL DEFAULT '0',
  `_delete` char(2) COLLATE utf8_czech_ci NOT NULL DEFAULT '0',
  PRIMARY KEY (`id`)
) ENGINE=InnoDB DEFAULT CHARSET=utf8 COLLATE=utf8_czech_ci;

INSERT INTO `aros_acos` (`id`, `aro_id`, `aco_id`, `_create`, `_read`, `_update`, `_delete`) VALUES
(1,	1,	1,	'1',	'1',	'1',	'1'),
(2,	3,	1,	'1',	'1',	'1',	'1'),
(3,	3,	162,	'-1',	'-1',	'-1',	'-1'),
(4,	3,	44,	'-1',	'-1',	'-1',	'-1'),
(5,	3,	139,	'-1',	'-1',	'-1',	'-1'),
(6,	3,	281,	'-1',	'-1',	'-1',	'-1'),
(7,	3,	88,	'-1',	'-1',	'-1',	'-1'),
(8,	3,	78,	'-1',	'-1',	'-1',	'-1'),
(9,	3,	18,	'-1',	'-1',	'-1',	'-1'),
(10,	3,	231,	'-1',	'-1',	'-1',	'-1'),
(11,	3,	243,	'-1',	'-1',	'-1',	'-1'),
(12,	3,	264,	'-1',	'-1',	'-1',	'-1'),
(13,	3,	319,	'-1',	'-1',	'-1',	'-1'),
(14,	3,	312,	'-1',	'-1',	'-1',	'-1'),
(15,	5,	1,	'1',	'1',	'1',	'1'),
(16,	5,	159,	'-1',	'-1',	'-1',	'-1'),
(17,	5,	160,	'1',	'1',	'1',	'1'),
(18,	5,	163,	'1',	'1',	'1',	'1'),
(19,	5,	165,	'1',	'1',	'1',	'1'),
(20,	5,	173,	'-1',	'-1',	'-1',	'-1'),
(21,	5,	174,	'1',	'1',	'1',	'1'),
(22,	5,	281,	'-1',	'-1',	'-1',	'-1'),
(23,	5,	222,	'-1',	'-1',	'-1',	'-1'),
(24,	5,	44,	'-1',	'-1',	'-1',	'-1'),
(25,	5,	139,	'-1',	'-1',	'-1',	'-1'),
(26,	5,	88,	'-1',	'-1',	'-1',	'-1'),
(27,	5,	78,	'-1',	'-1',	'-1',	'-1'),
(28,	5,	18,	'-1',	'-1',	'-1',	'-1'),
(29,	5,	231,	'-1',	'-1',	'-1',	'-1'),
(30,	5,	243,	'-1',	'-1',	'-1',	'-1'),
(31,	5,	264,	'-1',	'-1',	'-1',	'-1'),
(32,	5,	319,	'-1',	'-1',	'-1',	'-1'),
(33,	5,	312,	'-1',	'-1',	'-1',	'-1');

DROP TABLE IF EXISTS `business_partner_notes`;
CREATE TABLE `business_partner_notes` (
  `id` int(10) unsigned NOT NULL AUTO_INCREMENT,
  `created` datetime NOT NULL,
  `modified` datetime NOT NULL,
  `text` text COLLATE utf8_czech_ci NOT NULL,
  `business_partner_id` int(10) unsigned NOT NULL,
  PRIMARY KEY (`id`)
) ENGINE=InnoDB DEFAULT CHARSET=utf8 COLLATE=utf8_czech_ci;

INSERT INTO `business_partner_notes` (`id`, `created`, `modified`, `text`, `business_partner_id`) VALUES
(3,	'2013-07-05 14:30:08',	'2013-07-05 14:30:08',	'predal jsem OP nekolik kusu neceho, jiny pocet neceho dalsiho atd....',	132),
(4,	'2013-07-09 22:34:14',	'2013-07-09 22:34:14',	'29.5. - Rp(53xSorvasta 28x10mg, 6xIfirmasta 28x300mg)-navíc-10 200,-',	157),
(5,	'2013-07-09 22:35:16',	'2013-07-09 22:35:16',	'24.5. - vyplaceno 6 500,-',	157),
(6,	'2013-07-09 22:35:41',	'2013-07-09 22:36:00',	'28.5. - vyplaceno 3 000,-',	157),
(7,	'2013-07-09 22:37:14',	'2013-07-09 22:37:14',	'13.6. - Rp(9xSorvasta 28x10mg+1xOramellox 30x15mg+1xTonarssa 90x8/4mg+3xAmlessa 30x8/10mg)-navíc-3 100,-',	157),
(8,	'2013-07-09 22:38:18',	'2013-07-09 22:38:18',	'19.6. - vyplaceno - 3 000,-',	157),
(9,	'2013-07-09 22:39:04',	'2013-07-09 22:39:04',	'26.6. - Rp(9xSorvasta 28x10mg+19xTolura 28x40mg)-navíc-2 700,-',	157),
(10,	'2013-07-10 10:24:31',	'2013-07-10 10:24:31',	'10.7. pro p.Elblovou - 1x VICHY odličovací oční voda - 350,-',	156),
(11,	'2013-07-10 13:53:11',	'2013-07-10 13:53:11',	'10.7. - vyplaceno 3 000,-',	157),
(12,	'2013-07-10 14:04:12',	'2013-07-10 14:06:22',	'10.7. - Rp(Lozap 84x50mg)-navíc-600,- - 1xDetralex(360,-)= celkem 240,-',	157),
(13,	'2013-07-11 15:51:02',	'2013-07-11 15:51:02',	'RP - navíc - 1000,-',	156),
(14,	'2013-07-11 16:06:40',	'2013-07-11 16:06:40',	'RP - navíc - 6000,-',	156),
(15,	'2013-07-12 12:17:50',	'2013-07-12 12:17:50',	'RP - navíc - 2000,-',	156),
(16,	'2013-07-19 15:46:00',	'2013-07-19 15:46:00',	'RP - navíc - 600,-',	160),
(17,	'2013-07-22 13:23:03',	'2013-07-22 13:23:03',	'RP - navíc - 3200,-',	156),
(18,	'2013-07-23 15:12:17',	'2013-07-23 15:12:17',	'vyplaceno - 3 000,-',	157),
(19,	'2013-07-23 22:32:56',	'2013-07-23 22:32:56',	'28.5. - vyplacen dobropis - 3 500,-',	162),
(20,	'2013-07-24 13:59:35',	'2013-07-24 13:59:35',	'kosmetika - odebráno - 5 700,-',	156),
(21,	'2013-07-26 13:56:16',	'2013-07-26 13:56:16',	'3.7. - vyplaceno - 25 000,-',	161),
(22,	'2013-07-29 11:23:48',	'2013-07-29 11:23:48',	'kosmetika - odebráno - 2 500,-',	156),
(23,	'2013-07-29 16:52:19',	'2013-07-29 16:52:36',	'doplatek - léky - 450,-',	156),
(24,	'2013-07-30 13:36:40',	'2013-07-30 13:36:40',	' odečteno - 800,- (2xDetralex)',	157),
(25,	'2013-07-30 13:54:55',	'2013-07-30 13:54:55',	'RP - navíc - 9 000,-',	157),
(26,	'2013-08-02 13:52:39',	'2013-08-02 13:52:39',	'RP - navíc - 10 000,-',	156),
(27,	'2013-08-06 21:27:39',	'2013-08-06 21:27:39',	'28.5. - 5 000,- faktura lékárna',	155),
(28,	'2013-08-06 21:28:24',	'2013-08-06 21:28:24',	'3.6. - 10 000,- faktura hospoda',	155),
(29,	'2013-08-12 08:46:17',	'2013-08-12 08:46:17',	'kosmetika - 400,-',	156),
(30,	'2013-08-18 23:41:16',	'2013-08-18 23:41:16',	'7/13 - faktury lékárna 5 000,- + web stránky 5 000,-',	155),
(31,	'2013-08-20 16:44:03',	'2013-08-20 16:44:03',	'RP - navíc - 2 700,-\r\n',	156),
(32,	'2013-08-23 11:23:42',	'2013-08-23 11:23:42',	'RP - navíc - 4 900,-',	157);

DROP TABLE IF EXISTS `business_partners`;
CREATE TABLE `business_partners` (
  `id` int(10) unsigned NOT NULL AUTO_INCREMENT,
  `created` datetime NOT NULL,
  `modified` datetime NOT NULL,
  `name` varchar(150) COLLATE utf8_czech_ci NOT NULL,
  `ico` varchar(15) COLLATE utf8_czech_ci NOT NULL,
  `dic` varchar(15) COLLATE utf8_czech_ci NOT NULL,
  `email` varchar(150) COLLATE utf8_czech_ci DEFAULT NULL,
  `phone` varchar(15) COLLATE utf8_czech_ci DEFAULT NULL,
  `active` tinyint(1) NOT NULL,
  `note` text COLLATE utf8_czech_ci NOT NULL,
  `bonity` smallint(6) NOT NULL,
  `opening_hours` text COLLATE utf8_czech_ci NOT NULL,
  `user_id` int(10) unsigned NOT NULL,
  PRIMARY KEY (`id`)
) ENGINE=InnoDB DEFAULT CHARSET=utf8 COLLATE=utf8_czech_ci;

INSERT INTO `business_partners` (`id`, `created`, `modified`, `name`, `ico`, `dic`, `email`, `phone`, `active`, `note`, `bonity`, `opening_hours`, `user_id`) VALUES
(1,	'2013-01-24 19:38:42',	'2013-01-29 17:40:19',	'MUDr. Ježíková Helena',	'68191847',	'',	NULL,	NULL,	1,	'Coaguchek',	5,	'',	11),
(2,	'2013-01-29 17:46:37',	'2013-03-06 14:52:29',	'MUDr. Hanušová Ivana - Ordinace lékařů Klatovy s.r.o.',	'28035593',	'',	'',	'',	1,	'Coaguchek\r\n',	5,	'',	12),
(3,	'2013-01-29 20:54:48',	'2013-03-06 14:53:41',	'MUDr. Hulán Karel - D+H Praktici s.r.o.		',	'29266921',	'CZ29266921',	'',	'',	1,	'CoaguChek\r\n\r\n',	5,	'	\r\n',	12),
(4,	'2013-01-29 21:05:04',	'2013-01-29 21:06:21',	'Jirousová Taťána MUDr. - vnitřní,všeobec.lékařství',	'46630228',	'',	NULL,	NULL,	1,	'CoaguChek',	5,	'',	12),
(5,	'2013-01-29 21:11:04',	'2013-01-29 21:11:04',	'MUDr. Stanislava Kubšová',	'48547514',	'',	NULL,	NULL,	1,	'CoaguChek',	5,	'Plzeňská 125 / 951		\r\n150 00 Praha  5		\r\n',	12),
(6,	'2013-01-29 21:17:25',	'2013-01-29 21:17:25',	'MUDr. Kollarová Bohumila',	'60076828',	'',	NULL,	NULL,	1,	'CoaguChek',	5,	'	\r\n',	12),
(7,	'2013-01-30 14:00:04',	'2013-01-30 14:00:04',	'MUDr. Dana Švábová',	'48683191',	'',	NULL,	NULL,	1,	'CoaguChek',	5,	'',	12),
(8,	'2013-01-30 14:02:44',	'2013-01-30 14:02:44',	'MUDr. Jolana Růžičková Vršková',	'40610861',	'',	NULL,	NULL,	1,	'CoaguChek',	5,	'',	12),
(9,	'2013-01-30 14:05:31',	'2013-01-30 14:05:47',	'MUDr. Jana Zámečníková',	'46772073',	'',	NULL,	NULL,	0,	'',	5,	'',	12),
(10,	'2013-01-30 14:10:53',	'2013-01-30 14:10:53',	'MUDR. RADKO DOUCHA - PRAKTICKÝ LÉKAŘ PRO DOSPĚLÉ',	'62728318',	'',	NULL,	NULL,	1,	'CoaguChek',	5,	'',	12),
(11,	'2013-01-30 14:14:54',	'2013-01-30 14:15:19',	'MUDr. Fumferová, praktická lékařka pro dospělé',	'47078391',	'',	NULL,	NULL,	1,	'CoaguChek',	5,	'',	12),
(12,	'2013-01-30 14:18:00',	'2013-01-30 14:18:00',	'MUDr. Miloslav Lehnert',	'48739332',	'',	NULL,	NULL,	1,	'CoaguChek',	5,	'',	12),
(13,	'2013-01-30 14:30:37',	'2013-01-30 14:30:37',	'MUDr.Jaroslav Němeček -praktický lékař pro dosp.',	'44939132',	'',	NULL,	NULL,	1,	'CoaguChek',	5,	'',	12),
(14,	'2013-01-30 14:34:47',	'2013-01-31 11:32:57',	'MUDR. MARTIN SLAVÍK',	'46768611',	'',	NULL,	NULL,	1,	'CoaguChek\r\n- proužky obj.sestra a ona má přehled o spotřebě',	5,	'',	12),
(15,	'2013-01-30 14:37:45',	'2013-01-30 14:37:45',	'MUDr. Martina Anderová',	'72041005',	'',	NULL,	NULL,	1,	'CoaguChek',	5,	'',	12),
(16,	'2013-01-30 14:41:03',	'2013-01-30 14:41:03',	'MUDr. Václav Filip',	'48804916',	'',	NULL,	NULL,	1,	'CoaguChek',	5,	'',	12),
(17,	'2013-01-30 14:43:23',	'2013-01-30 14:43:23',	'MUDr. Jan Hartman',	'47465484',	'',	NULL,	NULL,	1,	'CoaguChek',	5,	'',	12),
(18,	'2013-01-30 14:46:33',	'2013-01-30 14:46:33',	'MUDR.CHALUPOVÁ OLGA - PRAKTICKÝ LÉKAŘ',	'49279548',	'',	NULL,	NULL,	1,	'CoaguChek',	5,	'',	12),
(19,	'2013-01-30 14:48:37',	'2013-01-30 14:48:37',	'MUDr. Jana Janů',	'72056487',	'',	NULL,	NULL,	1,	'CoaguChek',	5,	'',	12),
(20,	'2013-01-30 16:03:54',	'2013-01-30 16:03:54',	'MUDr. Ludmila Koukalová',	'45212996',	'',	NULL,	NULL,	1,	'CoaguChek',	5,	'',	12),
(21,	'2013-01-30 16:07:46',	'2013-03-06 15:37:51',	'MUDr. Daniel Kubina',	'45213631',	'',	'',	'',	1,	'CoaguChek\r\n= odebírá pro něj Mudr.Kazdová, nízká spotřeba, ozve se případně, kdyby potřebovali',	5,	'',	12),
(22,	'2013-01-30 16:15:51',	'2013-01-30 16:15:51',	'MUDr. Jaromír Mrazík s.r.o.',	'29307511',	'CZ29307511',	NULL,	NULL,	1,	'CoaguChek',	5,	'',	12),
(23,	'2013-01-30 16:17:19',	'2013-01-30 16:17:19',	'MUDr. Zdeněk Pospíšil',	'75149389',	'',	NULL,	NULL,	1,	'CoaguChek',	5,	'',	12),
(24,	'2013-01-30 16:21:21',	'2013-01-30 16:21:21',	'MUDr. Jan Řehák',	'70904367',	'',	NULL,	NULL,	1,	'CoaguChek',	5,	'',	12),
(25,	'2013-01-30 16:23:05',	'2013-01-30 16:23:05',	'MUDr. Radka SÝKOROVÁ',	'70737576',	'',	NULL,	NULL,	1,	'CoaguChek',	5,	'',	12),
(26,	'2013-01-30 16:25:19',	'2013-01-30 16:25:19',	'MUDr. Marie Böhmová',	'71194223',	'',	NULL,	NULL,	1,	'CoaguChek',	5,	'čt dodání do 12h, pá do 15h!!!',	12),
(27,	'2013-01-30 16:31:05',	'2013-01-30 16:31:05',	'MUDR.JAROSLAVA GRUNTORÁDOVÁ - PRAKTICKÝ LÉKAŘ',	'46751963',	'',	NULL,	NULL,	1,	'CoaguChek',	5,	'',	12),
(28,	'2013-01-30 16:33:34',	'2013-01-30 16:33:34',	'MUDr. Josef Husička',	'45238740',	'',	NULL,	NULL,	1,	'CoaguChek',	5,	'',	12),
(29,	'2013-01-30 16:36:47',	'2013-03-06 12:28:23',	'MUDr. Kalinec  Aleš - Aledion Medical Centre spol. s r.o.',	'28660706',	'CZ28660706',	'',	'',	1,	'CoaguChek\r\n- MUDr. Kalinec  Aleš\r\n',	5,	'',	12),
(30,	'2013-01-30 16:44:59',	'2013-01-30 16:44:59',	'Jiří Klug MUDr.',	'75009064',	'',	NULL,	NULL,	1,	'CoaguChek',	5,	'',	12),
(31,	'2013-01-30 16:47:27',	'2013-01-30 16:47:27',	'MUDr. Vladislava Mrázková',	'46997636',	'',	NULL,	NULL,	1,	'CoaguChek',	5,	'',	12),
(33,	'2013-02-07 15:14:46',	'2013-02-12 15:10:01',	'MUDr. Miluše Kakrdová',	'65350561',	'',	NULL,	NULL,	0,	'Ambulance praktického lékaře\r\n',	5,	'',	11),
(34,	'2013-02-07 15:22:50',	'2013-02-12 15:19:41',	'MUDr. Vlastimil Boček',	'71153675',	'',	NULL,	NULL,	1,	'Ambulance praktického lékaře pro dospělé a závodní péče pro podniky a organizace\r\nOrtopedie\r\n',	5,	'',	11),
(35,	'2013-02-07 15:27:11',	'2013-02-12 15:05:05',	'MUDr. Alena Krásová',	'65296389',	'',	NULL,	NULL,	1,	'Ordinace praktického lékaře pro dospělé\r\n',	5,	'',	11),
(36,	'2013-02-07 15:34:22',	'2013-02-12 15:11:15',	'MUDr. Iva Jeleníková',	'41575954',	'',	NULL,	NULL,	0,	'=IČO není 100%\r\nOrdinace praktického lékaře pro děti a dorost\r\n',	5,	'',	11),
(37,	'2013-02-07 15:41:29',	'2013-02-07 15:41:29',	'MUDr. Šindlerová Lenka',	'43256945',	'',	NULL,	NULL,	1,	'CoaguChek',	5,	'',	12),
(38,	'2013-02-07 15:45:30',	'2013-02-07 15:45:30',	'MUDr. Popek Roman',	'71199420',	'',	NULL,	NULL,	0,	'CoaguChek',	5,	'',	12),
(39,	'2013-02-07 15:48:59',	'2013-02-07 15:48:59',	'MUDr. Šlosar  Ivo',	'46791655',	'',	NULL,	NULL,	1,	'CoaguChek',	5,	'',	12),
(40,	'2013-02-07 16:23:06',	'2013-02-07 16:23:06',	'Mudr. Ludvík Vratislav',	'48653012',	'',	NULL,	NULL,	1,	'CoaguChek',	5,	'',	12),
(41,	'2013-02-07 16:27:17',	'2013-02-07 16:27:17',	'MUDr. Bártová Zdeňka',	'49209655',	'',	NULL,	NULL,	0,	'CoaguChek',	5,	'',	12),
(42,	'2013-02-07 16:29:02',	'2013-02-07 16:29:02',	'MUDr. Hanuliaková Věra',	'44940131',	'',	NULL,	NULL,	1,	'\r\n',	5,	'',	12),
(43,	'2013-02-07 16:31:10',	'2013-02-07 16:31:10',	'MUDr. Lukešová Zdeňka',	'45655910',	'',	NULL,	NULL,	1,	'CoaguChek',	5,	'\r\n',	12),
(44,	'2013-02-07 16:39:58',	'2013-02-07 16:39:58',	'MUDr. Plachá Jana',	'29238919',	'',	NULL,	NULL,	1,	'CoaguChek',	5,	'\r\n',	12),
(45,	'2013-02-07 16:45:49',	'2013-02-07 16:45:49',	'MUDr. Rousová Zuzana',	'65268644',	'',	NULL,	NULL,	0,	'CoaguChek',	5,	'\r\n',	12),
(46,	'2013-02-07 16:47:17',	'2013-02-07 16:47:17',	'MUDr. Stodolová Magda ',	'70951187',	'',	NULL,	NULL,	1,	'CoaguChek',	5,	'',	12),
(47,	'2013-02-07 16:49:02',	'2013-02-07 16:49:02',	'MUDr. Šubert Igor',	'43380051',	'',	NULL,	NULL,	0,	'CoaguChek',	5,	'',	12),
(48,	'2013-02-07 16:50:57',	'2013-02-07 16:50:57',	'MUDr. Vildomcová Ilona',	'49457691',	'',	NULL,	NULL,	1,	'CoaguChek',	5,	'',	12),
(49,	'2013-02-07 16:52:36',	'2013-02-07 16:52:36',	'MUDr. Bešťáková Lenka',	'29085101',	'',	NULL,	NULL,	1,	'CoaguChek',	5,	'',	12),
(50,	'2013-02-12 15:27:11',	'2013-02-12 15:27:38',	'MUDr. Jana Vildová',	'60553391',	'',	NULL,	NULL,	0,	'',	5,	'',	11),
(51,	'2013-02-12 16:24:29',	'2013-04-15 13:13:05',	'MUDr. Michaela Koukalová',	'66570671',	'',	'',	'',	1,	'CoaguChek',	5,	'\r\n',	11),
(52,	'2013-02-12 16:34:44',	'2013-02-12 16:34:44',	'MUDr. Pevná Danuše',	'49466330',	'',	NULL,	NULL,	0,	'',	5,	'',	12),
(53,	'2013-02-12 17:10:44',	'2013-02-12 17:10:44',	'MUDr. Buchtová Miloslava ',	'49468618',	'',	NULL,	NULL,	0,	'CoaguChek',	5,	'',	12),
(54,	'2013-02-12 17:13:27',	'2013-02-12 17:13:27',	'MUDr. Fleischmannová Vladimíra',	'75094061',	'',	NULL,	NULL,	1,	'CoaguChek - mají velmi malou spotřebu',	5,	'Smetanova 764, 28002 Kolín - Kolín IV\r\n',	12),
(55,	'2013-02-12 17:16:19',	'2013-02-12 17:16:19',	'MUDr. Hadravová Irena',	'75095157',	'',	NULL,	NULL,	1,	'CoaguChek',	5,	'\r\n',	12),
(56,	'2013-02-12 17:37:13',	'2013-02-12 17:37:13',	'MUDr. Hrubý Jiří',	'47921323',	'',	NULL,	NULL,	1,	'CoaguChek\r\n',	5,	'',	12),
(57,	'2013-02-12 17:39:20',	'2013-02-12 17:39:20',	'MUDr. Ježíková Helena',	'68191847',	'',	NULL,	NULL,	0,	'CoaguChek',	5,	'',	12),
(58,	'2013-02-19 14:44:03',	'2013-02-19 15:06:41',	'test',	'12312123',	'',	'asd@asd.cz',	'',	0,	'',	5,	'',	1),
(59,	'2013-02-20 14:00:27',	'2013-02-20 14:00:27',	'MUDr. Bronislava Krchňáková',	'00000000',	'',	'',	'',	0,	'',	5,	'',	11),
(60,	'2013-02-20 14:13:32',	'2013-02-20 14:28:10',	'MUDr. Otakar Ach-Hübner',	'00000000',	'',	'',	'',	0,	'',	9,	'',	11),
(61,	'2013-02-20 14:27:49',	'2013-02-20 14:27:49',	'MUDr. Josef Laub',	'00000000',	'',	'',	'',	0,	'',	5,	'',	11),
(62,	'2013-02-20 15:03:31',	'2013-02-20 15:03:31',	'MUDr. Dagmar Baniová',	'00000000',	'',	'',	'',	0,	'',	5,	'',	11),
(63,	'2013-03-05 14:23:14',	'2013-04-02 15:39:55',	'MUDr. Luboš Oliva',	'75125161',	'',	'eva.mumu@seznam.cz',	'519 340 426',	0,	'CoaguChek \r\nr.2013 = přešel na s.r.o.!!!\r\n',	5,	'',	12),
(64,	'2013-03-05 14:31:03',	'2013-03-05 14:31:03',	'MUDR. Helena Stárková',	'72050624',	'',	'starkova.h@seznam.cz',	'585 416 355',	0,	'CoaguChek',	5,	'',	12),
(65,	'2013-03-05 14:37:26',	'2013-03-05 14:37:26',	'MUDr.Vašica Petr, praktický lékař pro dospělé - internista',	'47259141',	'',	'mudr.p.vasica@seznam.cz',	'388 315 080',	1,	'CoaguChek\r\n\r\n',	5,	'',	12),
(66,	'2013-03-05 14:41:19',	'2013-03-05 14:44:44',	'MUDr. Vladimíra Karásková  - Ponikelská ordinace s.r.o.',	'28817516',	'CZ28817516',	'',	'',	1,	'',	5,	'',	12),
(67,	'2013-03-05 14:46:03',	'2013-03-05 14:46:03',	'MUDr. Bačová Lenka, s.r.o.',	'29304172',	'CZ29304172',	'lenka1bacova@seznam.cz',	'576 519 386',	1,	'CoaguChek',	5,	'',	12),
(68,	'2013-03-05 14:53:43',	'2013-03-05 14:53:43',	'MUDr. Ljuba Tomčíková - ordinace praktického lékaře pro dospělé',	'66363055',	'',	'',	'354 543 823',	0,	'CoaguChek',	5,	'',	12),
(69,	'2013-03-05 14:59:12',	'2013-03-05 14:59:12',	'MUDr. Jiřina Hesová Němečková, s.r.o',	'28345894',	'CZ28345894',	'dr.nemeckova.j@seznam.cz',	'515 260 665',	1,	'CoaguChek',	5,	' ',	12),
(70,	'2013-03-05 15:21:41',	'2013-03-06 14:51:52',	'MUDr. Petr Tamler',	'69909202',	'',	'vulcas.iptam@tiscali.cz',	'417 537 407',	1,	'CoaguChek\r\n\r\n',	5,	'',	12),
(71,	'2013-03-05 15:29:12',	'2013-03-05 15:29:12',	'Mudr. Dušan Cigánik',	'49563009',	'',	'',	'571 444 037',	0,	'nemá v rejstříku veden titul!\r\nCoaguChek\r\n\r\ntlf 604 618 164\r\n',	5,	'',	12),
(72,	'2013-03-05 15:33:27',	'2013-03-05 15:33:27',	'MUDR. VĚRA ČÁPOVÁ',	'42552885 ',	'',	'',	'272 738 665',	0,	'CoaguChek\r\n-poliklinika 2.patro',	5,	'\r\n',	12),
(73,	'2013-03-05 15:45:31',	'2013-03-05 15:45:31',	'MUDr. Jaromíra Kazdová',	'47996129',	'',	'',	'595 041 699 ',	0,	'CoaguChek\r\nbere pro ni Mudr. Kubina ale dle rejstříku zanikla k 31.12.2012',	5,	'',	12),
(74,	'2013-03-05 15:49:39',	'2013-03-05 15:49:39',	'MUDr. Hana Doležalová, s.r.o.',	'28156188',	'CZ28156188',	'',	'388 415 870',	0,	'CoaguChek \r\nvelmi nízká spotřeba',	5,	'',	12),
(75,	'2013-03-05 15:53:23',	'2013-03-05 15:53:23',	'MUDr. Petr Šubrt',	'49332643',	'',	'',	'49332643',	1,	'CoaguChek',	5,	'\r\n',	12),
(76,	'2013-03-05 15:57:27',	'2013-03-05 15:58:26',	'MUDr. Tomáš Přikryl',	'66055474',	'',	'ordinace@tomasprikryl.cz',	'321 783 521',	1,	'CoaguChek\r\n= SPLATNOST 5 TÝDNŮ!!!!!',	5,	' ',	12),
(77,	'2013-03-05 16:00:46',	'2013-03-06 12:36:34',	'MUDr. Lubomír Procházka',	'75079518',	'',	'lubomir26@seznam.cz',	'387 422 054',	1,	'CoaguChek\r\nMudr. přešel pod s.r.o. + jiný název i IČO - MEDALEX, s.r.o.',	5,	'',	12),
(78,	'2013-03-05 16:02:53',	'2013-03-05 16:02:53',	'MUDr. Ščerbová Klára - Asplund s.r.o.',	'22798820',	'CZ22798820',	'',	'475 205 146',	1,	'CoaguChek',	5,	'',	12),
(79,	'2013-03-05 16:05:46',	'2013-03-05 16:06:05',	'MUDr. Irena Prudká - praktická lékařka',	'43379508',	'',	'aireen@seznam.cz',	'',	1,	'CoaguChek\r\n566 574 196 - Rovečné\r\n566 575 188 - Vír',	5,	'č.d. 107, 59265 Rovečné !!!\r\nPO a ST - č.p. 172, 592 66 Vír!!\r\n',	12),
(80,	'2013-03-05 16:08:02',	'2013-03-05 16:08:02',	'MUDr. Hendlová Alena',	'66005809',	'',	'hendlova@volny.cz',	'281 924 621',	1,	'CoaguChek',	5,	'',	12),
(81,	'2013-03-05 16:09:41',	'2013-03-05 16:09:41',	'MUDr. Ivana Mašková',	'66545978',	'',	'maskovaivana@email.cz',	'549 212 395',	1,	'CoaguChek\r\n',	5,	'',	12),
(82,	'2013-03-05 16:11:14',	'2013-03-05 16:11:14',	'MUDR.JIŘÍ KLEMENT - PRAKTICKÝ LÉKAŘ',	'46752391',	'',	'klement.jiri@seznam.cz',	'487 870 386',	1,	'CoaguChek \r\n',	5,	'',	12),
(83,	'2013-03-05 16:14:03',	'2013-03-05 16:14:03',	'MUDr. Dana Mrazíková s.r.o.',	'29309182',	'CZ29309182',	'',	'572 591 182',	1,	'CoaguChek\r\nspotřeba 160 vyšetření/ rok, obj. 2x do roka',	5,	'',	12),
(84,	'2013-03-06 11:06:42',	'2013-03-06 11:06:42',	'MUDr. Jana Denková',	'71231315',	'',	'',	'487 862 698',	1,	'CoaguChek',	5,	'',	12),
(85,	'2013-03-06 11:09:34',	'2013-03-06 11:09:34',	'MUDr. Bohumír Beneda',	'75122341',	'CZ7405021239',	'bbeneda@yahoo.com',	'387 204 03',	1,	'CoaguChek',	5,	'',	12),
(86,	'2013-03-06 12:38:05',	'2013-03-06 12:38:05',	'MUDr. Procházka Lubomír- MEDALEX s.r.o.',	'28158725',	'CZ28158725',	'lubomir26@seznam.cz',	'387 422 054',	1,	'CoaguChek',	5,	'Pražská tř. 1014/71, 37004 České Budějovice\r\n',	12),
(87,	'2013-03-06 14:38:59',	'2013-03-06 14:50:46',	'MUDr.MARTA HADRAVOVÁ-PRAKTICKÝ LÉKAŘ,INTERNISTA',	'61517810',	'',	'martahadravova@seznam.cz',	'487 861 222',	1,	'CoaguChek',	5,	'',	12),
(88,	'2013-03-06 15:07:52',	'2013-03-06 15:07:52',	'MUDr. Renata Bednářová',	'45234795',	'',	'',	'554 641 150',	1,	'CoaguChek',	5,	'\r\n',	12),
(89,	'2013-03-06 15:28:56',	'2013-03-06 15:28:56',	'MUDr. Pavel Růžička',	'71236104',	'CZ6705151475',	'mudr.pavelruzicka@tiscali.cz',	'568 440 193',	1,	'CoaguChek\r\n',	5,	'',	12),
(90,	'2013-03-06 15:31:19',	'2013-03-06 15:31:19',	'MUDr.JOGENDRA JOGHEE - PRAKRICKÝ LÉKAŘ',	'46752579',	'',	'',	'608 139 947',	1,	'CoaguChek',	5,	' ',	12),
(91,	'2013-03-06 15:36:34',	'2013-03-06 15:36:44',	'MUDr. Marie Klepačová',	'71246452',	'',	'klepacova.marie@seznam.cz',	'',	1,	'CoaguChek\r\nDubenec= 499 394 244 - Po,St,Pá\r\nDoubravice= 499 397 120- Út,Čt = do 13h',	5,	'má dvě pobočky',	12),
(92,	'2013-03-06 15:39:53',	'2013-03-06 15:39:53',	'Vacátková Kateřina MUDr. - praktický lékař',	'16389824',	'',	'',	'483 388 004',	1,	'CoaguChek',	5,	'Čechova 494, Rychnov u Jablonce nad Nisou, 468 02 \r\n',	12),
(93,	'2013-03-06 15:41:26',	'2013-03-06 15:41:26',	'MUDr. PETR CEDRYCH - VŠEOBECNÉ LÉKAŘSTVÍ',	'48287547',	'',	'cedrych.petr@seznam.cz',	'487 877 423',	1,	'CoaguChek',	5,	'',	12),
(94,	'2013-03-06 15:43:40',	'2013-03-06 15:43:40',	'MUDr. Jiří Klouda - praktický lékař pro dospělé',	'66389054',	'',	'klouda.j@ticali.cz',	'376 394 216',	1,	'CoaguChek',	5,	'',	12),
(95,	'2013-03-06 15:44:43',	'2013-03-06 15:44:43',	'MUDr.Pavel Krupička-praktický lékař',	'43752187',	'',	'',	'326 911 628',	1,	'CoaguChek',	5,	'',	12),
(96,	'2013-03-06 15:46:02',	'2013-03-06 15:46:02',	'MUDr. Renáta Molnárová',	'71066608',	'',	'',	'',	1,	'CoaguChek',	5,	'\r\n\r\n',	12),
(97,	'2013-03-06 15:48:30',	'2013-03-06 15:48:46',	'MUDr. Tomáš Nosek',	'72564229',	'',	'',	'723 491 304',	1,	'CoaguChek\r\n=info přijímá pouze písmně!!!',	5,	'',	12),
(98,	'2013-03-06 15:50:24',	'2013-03-06 15:50:24',	'MUDr. Vladimír Klos',	'64816303',	'',	'',	'493 532 987',	1,	'CoaguChek',	5,	' ',	12),
(99,	'2013-03-06 15:53:31',	'2013-03-06 15:53:31',	'MUDr. Jiří Pražák - Medbase s.r.o.',	'28307208',	'CZ28307208',	'jjprazak@seznam.cz',	'573 350 544',	1,	'CoaguChek\r\n',	5,	'',	12),
(100,	'2013-03-07 22:19:24',	'2013-03-07 22:20:07',	'MUDr. Anna Víšková',	'48481726',	'',	'mudr.a.viskova@seznam.cz',	'544224333',	0,	'',	1,	'',	11),
(101,	'2013-03-07 22:24:55',	'2013-03-07 22:24:55',	'MUDr. Kamila Karmašová',	'00000000',	'',	'',	'723953211',	0,	'urolog',	5,	'',	11),
(102,	'2013-04-02 14:13:11',	'2013-04-02 14:13:11',	'MUDr. Rotová Pavla',	'64669327',	'',	'mudr.rotova@iol.cz',	'483 311 322',	1,	'CoaguChek\r\n',	5,	'',	12),
(103,	'2013-04-02 14:14:46',	'2013-04-02 14:14:46',	'MUDr. Hamouz Zdeněk',	'46791680',	'',	'',	'474 628 259',	1,	'CoaguChek',	5,	'',	12),
(104,	'2013-04-02 14:20:47',	'2013-04-02 14:20:47',	'MUDr. Stárková Helena - Ordinace praktického lékaře Olomouc s.r.o.',	'28567145',	'CZ28567145',	'starkova.h@seznam.cz',	'585 416 355',	1,	' \r\n',	5,	'',	12),
(105,	'2013-04-02 14:27:16',	'2013-04-02 14:27:16',	'MUDr. Horáková Marie',	'48551899',	'',	'',	'271 746 494',	1,	'CoaguChek\r\n\r\n',	5,	'',	12),
(106,	'2013-04-02 15:26:51',	'2013-04-02 15:28:42',	'MUDr. Žáčková Lucie - Ordinace Liběchov s.r.o.',	'24309915',	'CZ24309915',	'',	'315 697 138',	1,	'CoaguChek',	5,	'',	12),
(107,	'2013-04-02 15:31:16',	'2013-04-02 15:31:16',	'MUDr. Čadová Jana',	'48378836',	'',	'',	'371 750 791',	1,	'CoaguChek',	5,	'',	12),
(108,	'2013-04-02 15:38:39',	'2013-04-02 15:38:39',	'MUDr. Luboš Oliva s.r.o.',	'29366348',	'CZ29366348',	'eva.mumu@seznam.cz',	'519 340 426',	1,	'CoaguChek\r\n',	5,	'',	12),
(109,	'2013-04-03 15:52:35',	'2013-04-03 15:52:35',	'MUDr. Petr Zlámal s.r.o.',	'29210518',	'CZ29210518',	'',	'541 225 296',	0,	'gynekologie',	5,	' ',	12),
(110,	'2013-04-15 13:19:01',	'2013-04-15 13:19:01',	'MUDr. Božena Križanová - ordinace praktického lékaře pro dospělé',	'49777742',	'',	'',	'377 534 930',	1,	'CoaguChek',	5,	'\r\n',	12),
(111,	'2013-04-15 13:21:19',	'2013-04-15 13:21:19',	'MUDr.Jana Císařová,prakt.lékař pro dospělé',	'49855336',	'',	'',	'311 670 102',	1,	'CoaguChek',	5,	'',	12),
(112,	'2013-04-15 13:23:23',	'2013-04-15 13:23:23',	'Mudr. Vlček Rudolf - PRAKTICKÉ LÉKAŘSTVÍ Vlčkovi s.r.o.',	'29122236',	'',	'',	'376 391 316',	1,	'CoaguChek',	5,	'',	12),
(113,	'2013-04-15 13:26:53',	'2013-04-15 13:26:53',	'MUDr. Dagmar Štancová - ordinace praktické lékařky',	'49588303',	'',	'',	'377 922 235',	1,	'CoaguChek',	5,	'',	12),
(114,	'2013-04-15 13:30:42',	'2013-04-15 13:30:42',	'MUDr. Lenkvíková Eva - WASO Medi s.r.o.',	'48269301',	'CZ48269301',	'eva.lenkvikova@seznam.cz',	'',	1,	'CoaguChek',	5,	'',	12),
(115,	'2013-04-15 13:35:25',	'2013-04-15 13:35:25',	'MUDr. Zuzana Vančová',	'75082179',	'',	'',	'469 333 203',	1,	'CoaguChek',	5,	'',	12),
(116,	'2013-04-15 13:36:58',	'2013-04-15 13:36:58',	'MUDr. Mikušová  Kateřina - Ordinace Heliovi s.r.o.',	'29193851',	'CZ29193851',	'',	'572 593 222',	1,	'CoaguChek',	5,	'',	12),
(117,	'2013-04-15 13:51:11',	'2013-04-15 13:51:11',	'MUDr. Sedláčková Lucie - Praktický lékař Beroun s.r.o.',	'24851043',	'CZ24851043',	'mudr.sedlackova@quick.cz',	'311 623 024',	1,	'CoaguChek',	5,	'',	12),
(118,	'2013-04-15 14:02:20',	'2013-04-15 14:02:20',	'MUDr. Andrea TRČKOVÁ',	'70959951',	'',	'',	'777 698 181',	1,	'CoaguChek',	5,	' ',	12),
(119,	'2013-04-15 14:10:06',	'2013-04-15 14:10:06',	'MUDr. Markéta Štěpánková',	'64202691',	'',	'',	'',	1,	'CoaguChek',	5,	'',	12),
(120,	'2013-05-16 12:46:59',	'2013-05-16 12:46:59',	'MUDr. Škubal František - Ordinace MUDr. František Škubal s.r.o.',	'29279283',	'CZ29279283',	'skubal.f@seznam.cz',	'577 914 247',	1,	'CoaguChek',	5,	'Lešenská 261, Zlín, 763 14 ',	12),
(121,	'2013-05-17 11:16:13',	'2013-05-17 11:16:13',	'MUDr. Aichler Tomáš - Medicus Polepy s.r.o.',	'22793071',	'CZ22793071',	'aichler.ltm@razdva.cz',	'416 716 144',	1,	'CoaguChek',	5,	'',	12),
(122,	'2013-06-06 09:54:31',	'2013-06-06 09:54:31',	'MUDr. Jan Křivský',	'42754534',	'CZ530224025',	'krivsky@gmail.com',	'327 324 210',	1,	'CoaguChek',	5,	'',	12),
(123,	'2013-06-06 09:57:42',	'2013-06-06 09:57:42',	'MUDr. Ladislav Hodeček',	'65805674',	'',	'zitahodeckova@seznam.cz',	'487 725 647',	0,	'CoaguChek\r\n',	5,	'',	12),
(124,	'2013-06-06 10:01:51',	'2013-06-06 10:01:51',	'MUDr. Zdeněk Rottenborn - praktický lékař a internista',	'48378755',	'',	'zrottenborn@iol.cz',	'371 723 860',	1,	'CoaguChek',	5,	'',	12),
(125,	'2013-06-06 10:03:23',	'2013-06-06 10:07:01',	'MUDr. Škopek Pavel - MEDITAP s.r.o.',	'28029411',	'CZ28029411',	'skopek.ordinace@volny.cz',	'377 982 761',	1,	'CoaguChek',	5,	'',	12),
(126,	'2013-06-06 10:08:38',	'2013-06-06 10:08:38',	'MUDr. Lenka Březovská',	'72768185',	'',	'ordinaceterezin@seznam.cz',	'416 782 911',	1,	'CoaguChek',	5,	'',	12),
(127,	'2013-06-06 10:11:38',	'2013-06-06 10:11:38',	'MUDR.ZDENEK ALTMAN - PRAKTICKÝ LÉKAŘ',	'48287300',	'',	'jana.cl@centrum.cz',	'487 853 862',	1,	'CoaguChek',	5,	'\r\n',	12),
(128,	'2013-06-06 10:12:55',	'2013-06-06 10:12:55',	'MUDr Zdeněk Koubek',	'43752381',	'',	'mudr.koubek@tiscali.cz',	'326 911 477',	1,	'CoaguChek',	5,	'',	12),
(129,	'2013-06-06 10:15:19',	'2013-06-06 10:15:19',	'MUDr.Tomáš GAVLAS',	'47005408',	'',	'gavlas@post.cz',	'257 770 563',	1,	'CoaguChek',	5,	'',	12),
(130,	'2013-06-06 10:38:37',	'2013-06-06 10:38:37',	'MUDr. Petr Bohanes - praktický lékař',	'43382941',	'',	'',	'566 566 291',	1,	'CoaguChek\r\n',	5,	'\r\n',	12),
(131,	'2013-06-06 10:54:27',	'2013-06-06 10:54:27',	'Vavřichová Marta MUDr. - praktický lékař',	'60252090',	'',	'',	' 483 311 620',	1,	'CoaguChek',	5,	'',	12),
(132,	'2013-06-12 14:25:56',	'2013-06-12 14:25:56',	'Mudr. Šonka Petr - MEDISON s.r.o.',	'61173789',	'CZ61173789',	'',	'377 983 152',	1,	'CoaguChek',	5,	'',	12),
(133,	'2013-06-12 14:33:09',	'2013-06-12 14:33:09',	'MUDR.IVA BEEROVÁ,PRAKTICKÁ A INTERNÍ LÉKAŘKA',	'47610344',	'',	'',	'725 855 016',	1,	'CoaguChek',	5,	'',	12),
(134,	'2013-06-12 14:59:12',	'2013-06-12 15:09:55',	'Mudr. Janovská Jana - Praktický lékař MH, s.r.o.',	'24285510',	'CZ24285510',	'',	'',	1,	'CoaguChek',	5,	'',	12),
(135,	'2013-06-12 15:18:23',	'2013-06-12 15:18:23',	'MUDr. Michaela Zilvarová',	'65602579',	'',	'mzilvarova@centrum.cz',	'315 697 007',	1,	'CoaguChek',	5,	'',	12),
(136,	'2013-06-12 15:21:17',	'2013-06-12 15:21:17',	'MUDr. Yvona Kotroušová',	'69535124',	'',	'yvona.kotrousova@seznam.cz',	'383 420 152',	1,	'CoaguChek',	5,	'',	12),
(137,	'2013-06-12 15:38:43',	'2013-06-12 15:38:43',	'MUDR. JAN HOLEC',	'46770275',	'',	'',	'',	1,	'CoaguChek',	5,	'',	12),
(138,	'2013-06-12 15:48:08',	'2013-06-12 15:48:08',	'MUDr. Eva Nováková',	'75088347',	'',	'mudr.novakova@email.cz',	'558 900 223',	1,	'CoaguChek ',	5,	'',	12),
(139,	'2013-06-12 15:54:43',	'2013-06-12 15:55:24',	'MUDr. Helena HUCLOVÁ',	'48548090',	'',	'helena.huclova@seznam.cz',	'274779765',	1,	'CoaguChek',	5,	' ',	12),
(140,	'2013-06-12 16:00:05',	'2013-06-12 16:00:05',	'MUDR. EVA VRAŠTILOVÁ',	'46769366',	'',	'',	'416 795 451',	1,	'CoaguChek',	5,	'\r\n',	12),
(141,	'2013-06-12 16:01:46',	'2013-06-12 16:02:14',	'MUDr. Klára Matoušová',	'75155737',	'',	'ordinace@mudrmatousova.cz',	'775 755 001',	1,	'CoaguChek',	5,	' ',	12),
(142,	'2013-06-12 16:04:37',	'2013-06-12 16:04:37',	'Mudr. Helia Dušan - Ordinace Heliovi s.r.o.',	'29193851',	'CZ29193851',	'',	'',	1,	'CoaguChek',	5,	'',	12),
(143,	'2013-06-12 16:09:25',	'2013-06-12 16:09:25',	'MUDr. Vajsejtl Pavel - PV-AMBULANCE s.r.o.',	'29112877',	'CZ29112877',	'',	'',	1,	'CoaguChek',	5,	'',	12),
(144,	'2013-06-12 16:15:50',	'2013-06-12 16:15:50',	'Škvařil Emanuel, MUDr.',	'49468588',	'',	'skvaril.emanuel@seznam.cz',	'516 642 111',	1,	'CoaguChek',	5,	'',	12),
(145,	'2013-06-12 16:19:05',	'2013-06-12 16:19:05',	'Mudr. Škopková Tamara - OS-Medical s.r.o.',	'29091373',	'CZ29091373',	'',	'',	1,	'CoaguChek\r\n- fakturu posílat Kazmějovská 47, 323 00 Plzeň',	5,	'',	12),
(146,	'2013-06-12 16:22:48',	'2013-06-12 16:22:48',	'MUDr. Sehnalová Naděžda',	'68378823',	'',	'',	'',	1,	'CoaguChek',	5,	' \r\n',	12),
(147,	'2013-06-12 16:25:50',	'2013-06-12 16:25:50',	'MUDr. Pavel Touška',	'71193499',	'',	'',	' 474 688 622',	1,	'CoaguChek',	5,	'\r\n',	12),
(148,	'2013-06-12 16:30:23',	'2013-06-12 16:30:23',	'POHOŘELÁ JAROSLAVA MUDr.',	'46792244',	'',	'',	'41251 9861',	1,	'CoaguChek',	5,	'',	12),
(149,	'2013-06-13 11:47:16',	'2013-06-13 11:47:16',	'MUDr. Bartušek Miroslav - PRAKTICKÝ LÉKAŘ',	'49629379',	'',	'',	'244 466 159',	1,	'CoaguChek',	5,	'\r\n ',	12),
(150,	'2013-06-24 15:08:59',	'2013-06-24 15:08:59',	'MUDr. Julie HollmannováMUDr. Hollmannová Julie',	'71240667',	'',	'julie.hollmannova@centrum.cz',	'483 364 340',	1,	'CoaguChek',	5,	'',	12),
(151,	'2013-06-24 16:13:06',	'2013-06-24 16:13:06',	'Mudr Švábová Markéta - InMed-SV s.r.o.',	'28678133',	'',	'',	'',	1,	'CoaguChek',	5,	'',	12),
(152,	'2013-06-24 16:24:28',	'2013-06-24 16:24:28',	'MUDr. Kresa Petr - Zdravotní středisko Zbůch s.r.o.',	'29098645',	'',	'petr.kresa@seznam.cz',	'377 931 667',	1,	'CoaguChek',	5,	'',	12),
(153,	'2013-06-24 16:26:41',	'2013-06-24 16:27:08',	'MUDr. Hana Šedivá',	'47267186',	'',	'info@doktorkamalsice.cz',	'381 215 763',	1,	'CoaguChek',	5,	'\r\n ',	12),
(154,	'2013-07-07 09:06:35',	'2013-07-07 09:07:09',	'MUDr.Skotáková Eva',	'00000000',	'',	'',	'',	1,	'',	5,	'',	11),
(155,	'2013-07-07 09:32:01',	'2013-08-09 11:26:32',	'MUDr.Snášelová Radomíra',	'29262887',	'',	'',	'',	1,	'',	5,	'',	11),
(156,	'2013-07-07 09:44:31',	'2013-07-07 09:44:31',	'prof.MUDr.Elbl Lubomír, CSc.',	'60430605',	'',	'',	'',	1,	'',	5,	'',	11),
(157,	'2013-07-07 09:59:09',	'2013-07-07 09:59:09',	'Karlík KRKA',	'00000000',	'',	'',	'',	1,	'',	5,	'',	11),
(158,	'2013-07-09 21:12:05',	'2013-07-09 21:12:05',	'Horká KRKA',	'00000000',	'',	'',	'',	0,	'',	5,	'',	11),
(159,	'2013-07-09 21:13:27',	'2013-07-09 21:13:27',	'Vassová KRKA',	'00000000',	'',	'',	'',	0,	'',	5,	'',	11),
(160,	'2013-07-09 21:14:38',	'2013-07-09 21:14:38',	'Lefnerová KRKA',	'00000000',	'',	'',	'',	0,	'',	5,	'',	11),
(161,	'2013-07-09 21:15:36',	'2013-07-09 21:15:36',	'Šmíd KRKA',	'00000000',	'',	'',	'',	0,	'',	5,	'',	11),
(162,	'2013-07-09 21:18:08',	'2013-07-09 21:18:08',	'Vajnrajch MEDOCHEMIE',	'00000000',	'',	'',	'',	0,	'',	5,	'',	11),
(163,	'2013-07-09 21:20:19',	'2013-07-09 21:20:19',	'Poláček ORIONPHARMA',	'00000000',	'',	'',	'',	0,	'',	5,	'',	11),
(164,	'2013-07-11 08:51:57',	'2013-07-23 11:33:03',	'MUDr.Holoubek Vladimír ',	'00000000',	'',	'',	'',	0,	'',	5,	'',	11),
(165,	'2013-07-19 11:57:13',	'2013-07-19 11:57:13',	'MUDr. Jana Lenartová s.r.o',	'29390371',	'',	'',	'596965673',	1,	'CoaguChek',	5,	'',	12),
(166,	'2013-07-19 13:28:27',	'2013-07-19 13:28:27',	'MUDR. JAROSLAVA KUDLÁČKOVÁ',	'49108212',	'',	'',	'482 720 666',	1,	'CoaguChek',	5,	'Polní 175, 46331 Chrastava',	12),
(167,	'2013-07-19 13:28:28',	'2013-07-19 13:28:28',	'MUDR. JAROSLAVA KUDLÁČKOVÁ',	'49108212',	'',	'',	'482 720 666',	1,	'CoaguChek',	5,	'Polní 175, 46331 Chrastava',	12),
(168,	'2013-07-19 13:36:43',	'2013-07-19 13:36:43',	'MUDr. Jana Hrabalová',	'75055848 ',	'',	'petr.hrabal@tiscali.cz',	'572 580 202',	1,	'CoaguChek',	5,	'',	12),
(169,	'2013-07-19 13:41:35',	'2013-07-19 13:41:35',	'MUDr. Šraierová Dana - Caretta s.r.o.',	'27183491',	'',	'ordinace@caretta.cz',	'266 010 134',	1,	'CoaguChek',	5,	'',	12),
(170,	'2013-07-19 14:06:21',	'2013-07-19 14:06:21',	'MUDr. Homolková Jana',	'47366401',	'',	'homolkovaj@centrum.cz',	'567 308 597',	1,	'CoaguChek\r\n',	5,	'',	12),
(171,	'2013-07-19 14:31:01',	'2013-07-19 14:31:01',	'MUDr. Mahdíková Taťána - Ordinace JACH-TA, s.r.o.',	'24259047',	'CZ24259047',	'ordinace@jach-ta.cz',	'605 777 884',	1,	'CoaguChek',	5,	'266 173 322-Řež\r\n284 890 436 - Klecany',	12),
(172,	'2013-07-19 14:35:51',	'2013-07-19 14:35:51',	'MUDr. Pátíková Barbora',	'72023490',	'',	'barborapatikova@seznam.cz',	'577 925 000',	1,	'CoaguChek\r\n',	5,	'',	12),
(173,	'2013-07-19 15:36:36',	'2013-07-19 15:36:36',	'MUDr. Jursík Peter',	'71233806',	'',	'peter.jursik@centrum.cz',	'474 385 286',	1,	'CoaguChek\r\n',	5,	'',	12),
(174,	'2013-07-19 15:43:49',	'2013-07-19 15:43:49',	'MUDr. Švébiš Martin',	'75070456',	'',	'mail@martinsvebis.cz',	'558 616 153',	1,	'CoaguChek\r\n',	5,	'',	12),
(175,	'2013-07-19 15:45:16',	'2013-07-19 15:45:16',	'MUDr. Oušková Jana ',	'46053891',	'',	'zuzana.kofferova@seznam.cz',	'485 106 847',	1,	'CoaguChek',	5,	'',	12),
(176,	'2013-07-19 15:53:36',	'2013-07-19 15:53:36',	'MUDr. Duchanová Michaela',	'75146738',	'',	'',	'606 416 169',	1,	'tlf 487 883 927\r\nCoaguChek \r\n',	5,	'',	12),
(177,	'2013-07-19 15:58:05',	'2013-07-19 15:58:05',	'MUDr. Jedličková Zuzana',	'66880149',	'',	'mudr.jedlickova@seznam.cz',	'283 880 635',	1,	'CoaguChek  \r\n',	5,	'',	12),
(178,	'2013-07-19 16:02:27',	'2013-07-19 16:02:27',	'MUDr. Škoda Vladimír',	'64446263',	'',	'',	'517 380 071',	1,	'CoaguChek \r\n',	5,	'\r\n',	12),
(179,	'2013-07-19 16:11:11',	'2013-07-19 16:11:11',	'MUDr. Švandová Květa',	'47248912',	'',	'',	'565 532 045',	1,	'CoaguChek',	5,	'',	12),
(180,	'2013-07-19 16:14:23',	'2013-07-19 16:14:23',	'MUDr. Makovec Miroslav',	'49743970',	'',	'',	'352 609 010',	1,	'CoaguChek',	5,	'',	12),
(181,	'2013-07-19 16:15:32',	'2013-07-19 16:15:32',	'MUDr. Pavlíček Martin',	'72059796',	'',	'pavlicek.martin@centrum.cz',	'491 433 469',	1,	'CoaguChek\r\n',	5,	'',	12),
(182,	'2013-07-19 16:18:50',	'2013-07-19 16:18:50',	'MUDr. Cinertová Marie',	'47734264',	'',	'',	'377 953 349',	1,	'CoaguChek\r\npozor dvě ordinace\r\n377 953 349 -Třemošná (denně)\r\n377 958 247 - Ledce (2xtýdně)',	5,	'\r\n',	12),
(183,	'2013-07-19 16:20:48',	'2013-07-19 16:20:48',	'MUDr. Živkovič Milica - Micy s.r.o.',	'29283850',	'',	'ordinacemicy@seznam.cz',	'515 227 173',	1,	'CoaguChek',	5,	'',	12),
(184,	'2013-07-23 09:51:23',	'2013-07-23 09:51:37',	'MUDr. Jurásek Jan',	'45212431',	'',	'jurasekjan@seznam.cz',	'583 411 600',	1,	'CoaguChek\r\nkl.219\r\n',	5,	'',	12),
(185,	'2013-07-23 10:54:24',	'2013-07-23 10:54:24',	'MUDr. Hošek Josef',	'49332619',	'',	'josef.hosek@seznam.cz',	'495 441 636',	1,	'CoaguChek\r\n',	5,	'\r\n',	12),
(186,	'2013-07-23 10:55:19',	'2013-07-23 10:55:19',	'Mudr. Konáš Jiří',	'43765866',	'',	'',	'311 572 136',	1,	'CoaguChek\r\n',	5,	'\r\n',	12),
(187,	'2013-07-23 10:56:37',	'2013-07-23 10:56:37',	'MUDr. Tomáštík Dalibor',	'46956701',	'',	'',	'572 594 122',	1,	'CoaguChek\r\n',	5,	'č.d. 103, 68742 Osvětimany',	12),
(188,	'2013-07-23 10:57:41',	'2013-07-23 10:57:41',	'MUDr. Krtičková Miroslava',	'48622575',	'',	'',	'491 482 224',	1,	'CoaguChek',	5,	'',	12),
(189,	'2013-07-23 10:58:55',	'2013-07-23 10:58:55',	'MUDr. Jaroslav Trávníček',	'63293188',	'',	'jaroslav.travnicek@atlas.cz',	'383 493 389',	1,	'CoaguChek',	5,	'',	12),
(190,	'2013-07-23 11:03:24',	'2013-07-23 11:03:24',	'Mudr. Koňařík Rostislav',	'43728936',	'',	'rkonarik@seznam.cz',	'326 982 396',	1,	'CoaguChek\r\n',	5,	'',	12),
(191,	'2013-07-23 11:06:49',	'2013-07-23 11:06:49',	'Doc. MUDr. Seifert Bohumil, Ph.D. - Ordinace PL Karlín, s.r.o.',	'28904222',	'CZ28904222',	'info@ordinace-karlin.cz',	'224 818 214',	1,	'CoaguChek\r\n',	5,	'',	12),
(192,	'2013-07-23 11:31:02',	'2013-07-23 11:32:29',	'MUDr.Martinec Lubomír ',	'00000000',	'',	'',	'',	1,	'',	5,	'',	11),
(193,	'2013-07-23 13:50:18',	'2013-07-23 13:50:18',	'MUDr. Košťál Jiří',	'61515108',	'',	'Kotousek@seznam.cz',	'417 836 374',	1,	'CoaguChek \r\n',	5,	'',	12),
(194,	'2013-07-23 13:52:37',	'2013-07-23 13:52:37',	'MUDr. Voříšková Jana',	'47078499',	'',	'ordinace.voriskova@seznam.cz',	'17 793 237',	1,	'CoaguChek',	5,	'\r\n',	12),
(195,	'2013-07-23 14:43:29',	'2013-07-23 14:43:29',	'MUDr. Masopustová Jolana',	'16531744',	'',	'',	'327 312 102',	1,	'CoaguChek',	5,	'',	12),
(196,	'2013-07-23 14:52:53',	'2013-07-23 14:52:53',	'MUDr. Kolářová Markéta',	'72035421',	'',	'kmarkete@seznam.cz',	'723 614 749',	1,	'CoaguChek\r\n',	5,	'',	12),
(197,	'2013-07-23 14:53:43',	'2013-07-23 14:53:43',	'MUDr. Guičová Iva',	'72043113',	'',	'ivaguicova@gmail.com',	'266 010 116',	1,	'CoaguChek\r\n',	5,	'\r\n',	12),
(198,	'2013-07-23 14:55:05',	'2013-07-23 14:55:05',	'MUDr. Dvořák Josef -Medicle s.r.o.',	'29161967',	'',	'dr.dvorak@centrum.cz',	'377 931 969',	1,	'CoaguChek\r\n',	5,	'',	12),
(199,	'2013-08-12 10:10:38',	'2013-08-12 10:10:38',	'MUDr.Grublová Milana',	'00000000',	'',	'',	'',	1,	'',	5,	'',	11);

DROP TABLE IF EXISTS `business_session_states`;
CREATE TABLE `business_session_states` (
  `id` int(10) unsigned NOT NULL AUTO_INCREMENT,
  `created` datetime NOT NULL,
  `modified` datetime NOT NULL,
  `name` varchar(50) COLLATE utf8_czech_ci NOT NULL,
  PRIMARY KEY (`id`)
) ENGINE=InnoDB DEFAULT CHARSET=utf8 COLLATE=utf8_czech_ci;

INSERT INTO `business_session_states` (`id`, `created`, `modified`, `name`) VALUES
(1,	'2011-01-25 18:44:30',	'2011-01-25 18:44:30',	'otevřeno'),
(2,	'2011-01-25 18:44:37',	'2011-01-25 18:44:37',	'uzavřeno'),
(3,	'2011-01-25 18:44:43',	'2011-01-25 18:44:43',	'stornováno');

DROP TABLE IF EXISTS `business_session_types`;
CREATE TABLE `business_session_types` (
  `id` int(10) unsigned NOT NULL AUTO_INCREMENT,
  `created` datetime NOT NULL,
  `modified` datetime NOT NULL,
  `name` varchar(50) COLLATE utf8_czech_ci NOT NULL,
  PRIMARY KEY (`id`)
) ENGINE=InnoDB DEFAULT CHARSET=utf8 COLLATE=utf8_czech_ci;

INSERT INTO `business_session_types` (`id`, `created`, `modified`, `name`) VALUES
(1,	'2011-01-25 18:43:55',	'2011-01-25 18:43:55',	'schůzka/návštěva'),
(2,	'2011-01-25 18:44:05',	'2011-01-25 18:44:05',	'oběd/večeře'),
(3,	'2011-01-25 18:44:11',	'2011-01-25 18:44:11',	'telefon'),
(4,	'2011-01-25 18:44:16',	'2011-01-25 18:44:16',	'ostatní');

DROP TABLE IF EXISTS `business_sessions`;
CREATE TABLE `business_sessions` (
  `id` int(10) unsigned NOT NULL AUTO_INCREMENT,
  `created` datetime NOT NULL,
  `modified` datetime NOT NULL,
  `user_id` int(10) unsigned NOT NULL,
  `date` datetime NOT NULL,
  `business_session_type_id` int(10) unsigned NOT NULL,
  `description` text COLLATE utf8_czech_ci NOT NULL,
  `business_session_state_id` int(10) unsigned NOT NULL,
  `business_partner_id` int(10) unsigned NOT NULL,
  PRIMARY KEY (`id`)
) ENGINE=InnoDB DEFAULT CHARSET=utf8 COLLATE=utf8_czech_ci;

INSERT INTO `business_sessions` (`id`, `created`, `modified`, `user_id`, `date`, `business_session_type_id`, `description`, `business_session_state_id`, `business_partner_id`) VALUES
(1,	'2013-01-24 19:49:48',	'2013-01-29 17:40:19',	11,	'2013-01-25 19:48:00',	3,	'zavolat s nabídkou coagucheků',	3,	1),
(2,	'2013-01-28 18:25:19',	'2013-01-29 17:40:19',	11,	'2013-02-27 18:24:00',	1,	'',	3,	1),
(3,	'2013-01-30 14:19:26',	'2013-01-30 14:22:25',	12,	'2013-01-17 14:18:00',	3,	'17.1.13= zapomněl na nás, bere přes Orion přesto jsem mu nahlásila cenu info k dodávce a mbl; 16.1.13 = nebral tlf; odeslán email 11/10/12\r\n',	2,	12),
(4,	'2013-01-30 14:21:52',	'2013-01-30 14:22:31',	12,	'2013-01-16 14:21:00',	3,	'30.1.13 = zaslána obj.2x48ks16.1.13 = zasláno info na email, zapoměla na to, že proužky odebírala od nás; voláno 3/10/12 = stále obsazeno\r\n\r\n',	2,	2),
(5,	'2013-01-30 14:24:45',	'2013-01-30 14:24:45',	12,	'2013-01-16 14:24:00',	3,	'16.1.13=obj. 2x48ks; voláno 3/10/12 = nebrala tlf\r\n',	2,	4),
(6,	'2013-01-30 14:25:37',	'2013-01-30 14:25:37',	12,	'2013-01-16 14:25:00',	3,	'16.1.13 = zrovna odebrali od Roche, vysvětlila jsem úsporu při odebírání od nás a nadiktovala kontakty; tlf 29.10.- budou se obracet tlf jakmile budou proužky potřebovat\r\n',	2,	6),
(7,	'2013-01-30 14:26:14',	'2013-01-30 14:26:14',	12,	'2013-01-18 14:26:00',	3,	'18.1.13=volala staré tlf nedovolala se obj.u Roche, nahlásila jsem  mbl i akt.cenu a slíbila že se brzy ozve; odeslán email 11/10/12\r\n',	2,	7),
(8,	'2013-01-30 14:26:50',	'2013-01-30 14:26:50',	12,	'2013-01-16 14:26:00',	1,	'16.1.13=odebírají od fi kt. Má totožné ceny, zůstávají u ní; odeslán email 11/10/12\r\n',	2,	8),
(9,	'2013-01-30 14:28:40',	'2013-01-30 14:28:40',	12,	'2013-01-09 14:28:00',	3,	'9.1.13 - neměla kontakt Pevná linka nebyla v provozu, kontakty jsem předala, ozvou se jakmile doberou proužku od Roche, splatnost 7 dní chtějí; odeslán email 11/10/12\r\n',	2,	11),
(10,	'2013-01-30 14:31:45',	'2013-01-30 14:31:45',	12,	'2013-01-17 14:31:00',	3,	'17.1.13= spotřeba 48ks/2měsíce, nyní odebral od Roche, volat koncem března neb on to obj.automaticky a léta od Roche, připomenout se; odeslán email 11/10/12\r\n',	2,	13),
(11,	'2013-01-30 16:11:12',	'2013-01-30 16:11:24',	12,	'2013-01-18 16:10:00',	3,	'13.1.13=odebírá pro něj Mudr.Kazdová, nízká spotřeba, ozve se případně, kdyby potřebovali, dala jsem info k cená vč. Kontaktu; voláno 25/9/12 - prozatím mají zásobu, 16.11. volat',	2,	21),
(12,	'2013-01-30 16:50:11',	'2013-01-30 16:50:11',	12,	'2013-01-17 16:50:00',	3,	'17.1.13=mají přístroj na kompl.vyšetření, proužky užívá  jen sestra při návštěvách sem a tam, ozve se jakmile jí proužky budou docházet, dala jsem jí mbl i info k cená pro rok 2013; odeslán email 11/10/12 - spokojen, rád se obrátím na Vás při příští objednávce',	2,	32),
(13,	'2013-01-31 13:15:14',	'2013-02-07 15:36:22',	12,	'2013-01-31 13:14:00',	3,	'31.1.13=odeslán email s infem k cenám, 16.1.13 = chřipk.epidemie nemá na mě čas; odeslán email 11/10/12\r\n7.2.13=obj.3x48ks\r\n',	2,	30),
(14,	'2013-02-07 15:16:58',	'2013-02-12 15:10:01',	11,	'2013-02-07 10:00:00',	1,	'velmi milá, nabídka zasílání inkontinence se jí zalíbila, dovezeme jí 2ks předtištěných obálek, uvidíme co se z toho vyklube, ordinace velice zastaralá, neměla nejspíše ani sestru, o léčivo neměla zájem.',	2,	33),
(15,	'2013-02-07 15:25:46',	'2013-02-12 15:19:41',	11,	'2013-02-06 13:00:00',	1,	'mudr.působil velmi znaveně, dal nám 10min. Kdy jsme jej informovali o výhodách v inkontinenci a vybavení ordinace vše od jedné firmy, na léky v ordinaci argumentoval že vše má v baráku ale rád by zjistil zda jsme schopni dodat mu nějaké ortopedické záležitosti. slíbil zaslat emailem info co odebírá abychom mu mohli zaslat nabídku. inkontinenci říkal tak do měsíce a dvou že dá vědět, že to musí probrat s pacienty. jinak velice příjemný doktor, moc dobře ví co chce.\r\n',	2,	34),
(16,	'2013-02-07 15:32:11',	'2013-02-12 15:05:05',	11,	'2013-02-06 10:00:00',	1,	'Mudr.Krásová velice vitální žena, líbila se jí nabídka na službu inkontinence až domů, hl.starší lidé to uvítají, jen malinko neporozuměla systém, neměla tam sestru,takže chápu, že neměla na nás tolik času, léky v ordinaci zamítla hl.z důvodu, že by na to zapomněla, zdrav.pros. obstarává sestra, jakmile bude tak jí znovu vysvětlíme o co se jedná s poukazy na inkont. a se zdrav.prostř.',	2,	35),
(17,	'2013-02-07 15:35:35',	'2013-02-12 15:11:15',	11,	'2013-02-07 08:00:00',	1,	'můj omyl, je to pediatrička, nicméně jsme jí nabídli možnost vybavení spotřebního zboží do ordinace, říkala že se ozve jakmile bude něco potřebovat\r\n',	2,	36),
(18,	'2013-02-07 15:46:53',	'2013-02-07 15:46:53',	12,	'2013-01-17 15:46:00',	1,	'17.1.13=mají přístroj na kompl.vyšetření, proužky užívá  jen sestra při návštěvách sem a tam, ozve se jakmile jí proužky budou docházet, dala jsem jí mbl i info k cená pro rok 2013; odeslán email 11/10/12 - spokojen, rád se obrátím na Vás při příští objednávce\r\n',	1,	32),
(19,	'2013-02-07 16:41:32',	'2013-02-07 16:41:32',	12,	'2013-01-17 16:41:00',	3,	'nízká spotřeba, volám za měsíc s dotazem jak to vypadá a domluvení případné návštěvy u pí doktorky',	2,	44),
(20,	'2013-02-07 16:49:19',	'2013-02-07 16:49:19',	12,	'2013-01-18 16:49:00',	3,	'18.1.13=odebrala od jinud, posílám akt.info k cenám; odeslán email 11/10/12\r\n',	2,	47),
(21,	'2013-02-07 16:51:45',	'2013-02-07 16:51:45',	12,	'2013-01-18 16:51:00',	3,	'18.1.13=odebrala od jinud, posílám akt.info k cenám; odeslán email 11/10/12\r\n',	2,	48),
(22,	'2013-02-07 16:54:13',	'2013-02-07 16:54:13',	12,	'2013-01-09 16:53:00',	3,	'9.1.13-přechází na jiný přístroj, kt. Není na proužky; odeslán email 11/10/12\r\nLeden 2013 = objednáno 1x48ks neb nový přístroj nelze brát k pacientům! Velmi nízká spotřeba, další objednávka nejdříve za 1/2 roku sestra se znovu ozve\r\n',	2,	49),
(23,	'2013-02-12 16:00:33',	'2013-02-12 16:00:33',	12,	'2013-02-12 08:15:00',	1,	'12.2.13= mudr. Velice příjemná, chtěla si nás vyslechnout i když v podstatě nic nepotřebuje. Zaujala ji nabídka dodávek do ordinace spotřeb.zboží a případných bonusů. Inkontinenci nepředepisuje, ne ve tř. 2 a 3 v ordinaci, ale pro domov důchodců to má již pořešené a moment. nechce nic měnit. Spolupracuje s lékárnou kt. zavolá řekne co chce a ona jí to doveze. Nabídli jsme jí to stejné s tím, že jako distributoři můžeme navrhnout lepší cenu. Řekla nám na rychlo pár věcí, kt. odebírá (dezinfekce Dezan, injekce, špachtle, obvazy, proužky na stolici).',	2,	50),
(24,	'2013-02-12 16:32:47',	'2013-02-19 12:48:37',	11,	'2013-02-12 11:00:00',	1,	'12.2.13-Mudr.velmi příjemná, při nabídce se na nás ale nedívala, nejspíš přemýšlela natím, co jsme jí sdělili. Zájem má a to dost velký, líbi se jí provize líbí se jí systém na inkontinenci. Používá přístroj CoaguChek, 2x do roka, info k cenám předáno. Nechala si čas na promyšlení. Budu jí volat  19.2.2013 abych se poptala na více informací. ',	1,	51),
(25,	'2013-02-12 16:41:08',	'2013-02-12 16:44:13',	12,	'2013-02-12 11:21:00',	1,	'12.2.13-Mudr.velmi příjemná, rozhodně nám na rovinu sdělila,že naše nabídka pro ni není zajímavá neb má velice nízkou spotřebu a co se inkontinence týče tak i zde je to marné, neb nemá žádného pacienta na těžkou inkontinenci. Přesto to bylo příjemné setkání, Mudr. velice milá a vitální,usmívala se na nás a byla velmi zdořilá ',	2,	52),
(28,	'2013-02-19 15:12:34',	'2013-02-19 15:12:34',	1,	'2012-12-01 15:12:00',	1,	'',	1,	58),
(29,	'2013-02-20 14:05:34',	'2013-02-20 14:09:12',	11,	'2013-02-20 08:00:00',	1,	'Starší lékařka, zprvu vyděšená,\r\nposléze vyslechla nabídku s příslibem spolupráce,v ordinaci zanecháno 10 obálek na Pouk,\r\nnutná Ko za týden - případně opět vysvětlit a doladit!\r\n',	1,	59),
(30,	'2013-02-20 14:22:11',	'2013-02-20 14:22:11',	11,	'2013-02-14 09:00:00',	1,	'Arogantní,neochotný lékař.\r\nNabídka ho nijak neoslovila, naopak reagoval slovy: Kdo nevynese balík inkontinence do pátého patra, tak si je nezaslouží! ',	1,	60),
(31,	'2013-02-20 15:00:15',	'2013-02-20 15:07:25',	11,	'2013-02-20 09:00:00',	1,	'Ordinace nenavštívena. V čekárně 12 pacientů, další průběžně přicházeli. Čekal jsem do 11.hod bez úspěchu. Navštívit na konci pracovní doby, kdy bude možná méně pacientů!',	1,	61),
(32,	'2013-02-20 15:06:06',	'2013-02-20 15:06:06',	11,	'2013-02-20 11:00:00',	1,	'MUDr. na návštěvě u pacientů, ordinovat začne cca. ve 14 hod.\r\nNavštívit jindy!',	1,	62),
(33,	'2013-03-05 14:25:29',	'2013-03-05 14:25:29',	12,	'2013-02-13 14:25:00',	3,	'13.2.13=nízká spotřeba, zavolá jakmile jí dojdou, pruhy obj.sestra; odeslán email 11/10/12\r\n',	2,	63),
(34,	'2013-03-05 14:33:39',	'2013-03-05 14:34:03',	12,	'2013-01-16 14:33:00',	3,	'16.1.13 =  dnes obj.u své distributorky,nahlásila jsem jí naše ceny a kontakty, probere to s pí doktorkou; odeslán email 11/10/12\r\n',	2,	64),
(35,	'2013-03-05 14:41:41',	'2013-03-05 14:41:41',	12,	'2013-01-16 14:41:00',	3,	'16.1.13 = obj.jakmile bude potřebovat dala jsem jí akt.tlf; odeslán email 11/10/12',	2,	66),
(36,	'2013-03-05 14:54:15',	'2013-03-05 14:54:15',	12,	'2013-01-17 14:54:00',	3,	'17.1.13=odebrali od Roche s tím,že volali na starý tlf a nedovolali se, dala jsem jim mbl a info k akt.ceně, příště se ozvou; 16.1.13 = nebrala tlf \r\n',	2,	68),
(37,	'2013-03-07 22:29:08',	'2013-03-07 22:29:08',	11,	'2013-03-07 13:00:00',	1,	'návštěva v ordinaci na doporučení REP z f.KRKA p.Šmída.\r\nLékařka vstřícná, informovaná. Předány obálky, začne spolupracovat. ',	1,	101),
(38,	'2013-04-03 15:32:26',	'2013-04-03 15:32:26',	12,	'2013-03-25 12:30:00',	1,	'dovoz CoaguCheku + nabídka spolupráce.\r\nNakupuje přes Omniprax\r\n- CRP Orion proužky\r\n',	1,	44),
(39,	'2013-04-03 15:54:53',	'2013-04-03 15:54:53',	12,	'2013-04-02 10:00:00',	1,	'nabídka spolupráce\r\n- nakupuje převážně v Omnipaxu a Mediplusu\r\n- zrcátka přes PL Albi cena cca 4,5 vč. DPH\r\n- nabídka na Gel (keli?), dezinfekce, rukavice - Optiline vinyl, nepudrovaný',	1,	109);

DROP TABLE IF EXISTS `business_sessions_contact_people`;
CREATE TABLE `business_sessions_contact_people` (
  `id` int(10) unsigned NOT NULL AUTO_INCREMENT,
  `created` datetime NOT NULL,
  `modified` datetime NOT NULL,
  `business_session_id` int(10) unsigned NOT NULL,
  `contact_person_id` int(10) unsigned NOT NULL,
  PRIMARY KEY (`id`)
) ENGINE=InnoDB DEFAULT CHARSET=utf8 COLLATE=utf8_czech_ci;

INSERT INTO `business_sessions_contact_people` (`id`, `created`, `modified`, `business_session_id`, `contact_person_id`) VALUES
(2,	'2013-02-19 15:12:57',	'2013-02-19 15:12:57',	28,	57);

DROP TABLE IF EXISTS `business_sessions_users`;
CREATE TABLE `business_sessions_users` (
  `id` int(10) unsigned NOT NULL AUTO_INCREMENT,
  `created` datetime NOT NULL,
  `modified` datetime NOT NULL,
  `business_session_id` int(10) unsigned NOT NULL,
  `user_id` int(10) unsigned NOT NULL,
  PRIMARY KEY (`id`)
) ENGINE=InnoDB DEFAULT CHARSET=utf8 COLLATE=utf8_czech_ci;

INSERT INTO `business_sessions_users` (`id`, `created`, `modified`, `business_session_id`, `user_id`) VALUES
(3,	'2013-01-28 18:25:19',	'2013-01-28 18:25:19',	2,	12),
(24,	'2013-02-12 16:00:33',	'2013-02-12 16:00:33',	23,	11),
(28,	'2013-02-12 16:41:08',	'2013-02-12 16:41:08',	25,	11),
(29,	'2013-02-12 16:47:21',	'2013-02-12 16:47:21',	24,	11),
(33,	'2013-02-19 15:12:34',	'2013-02-19 15:12:34',	28,	14),
(34,	'2013-02-20 14:05:34',	'2013-02-20 14:05:34',	29,	12),
(35,	'2013-02-20 14:22:11',	'2013-02-20 14:22:11',	30,	12),
(36,	'2013-02-20 15:00:15',	'2013-02-20 15:00:15',	31,	12),
(37,	'2013-02-20 15:06:06',	'2013-02-20 15:06:06',	32,	12),
(38,	'2013-03-05 14:25:29',	'2013-03-05 14:25:29',	0,	0),
(39,	'2013-03-05 14:33:39',	'2013-03-05 14:33:39',	0,	0),
(40,	'2013-03-05 14:41:41',	'2013-03-05 14:41:41',	0,	0),
(41,	'2013-03-05 14:54:15',	'2013-03-05 14:54:15',	0,	0),
(42,	'2013-03-07 22:29:08',	'2013-03-07 22:29:08',	37,	12),
(43,	'2013-04-03 15:32:26',	'2013-04-03 15:32:26',	0,	0),
(44,	'2013-04-03 15:54:53',	'2013-04-03 15:54:53',	0,	0);

DROP TABLE IF EXISTS `contact_people`;
CREATE TABLE `contact_people` (
  `id` int(10) unsigned NOT NULL AUTO_INCREMENT,
  `created` datetime NOT NULL,
  `modified` datetime NOT NULL,
  `first_name` varchar(150) COLLATE utf8_czech_ci NOT NULL,
  `last_name` varchar(150) COLLATE utf8_czech_ci NOT NULL,
  `prefix` varchar(20) COLLATE utf8_czech_ci NOT NULL,
  `phone` varchar(17) COLLATE utf8_czech_ci NOT NULL,
  `cellular` varchar(17) COLLATE utf8_czech_ci NOT NULL,
  `email` varchar(150) COLLATE utf8_czech_ci NOT NULL,
  `note` text COLLATE utf8_czech_ci NOT NULL,
  `hobby` text COLLATE utf8_czech_ci NOT NULL,
  `business_partner_id` int(10) unsigned NOT NULL,
  `active` tinyint(1) NOT NULL DEFAULT '1',
  PRIMARY KEY (`id`)
) ENGINE=InnoDB DEFAULT CHARSET=utf8 COLLATE=utf8_czech_ci;

INSERT INTO `contact_people` (`id`, `created`, `modified`, `first_name`, `last_name`, `prefix`, `phone`, `cellular`, `email`, `note`, `hobby`, `business_partner_id`, `active`) VALUES
(1,	'2013-01-24 19:40:30',	'2013-01-24 19:40:30',	'Helena',	'Ježíková',	'MUDr.',	'581741528',	'',	'helena.jezikova@seznam.cz',	'',	'',	1,	1),
(2,	'2013-01-29 17:49:54',	'2013-01-29 17:49:54',	'Ivana',	'Hanušová',	'Mudr.',	'736 127 318',	'736 127 318',	'hanu.ifka@seznam.cz',	'',	'',	2,	1),
(3,	'2013-01-29 21:02:25',	'2013-01-29 21:02:25',	'Karel',	'Hulán',	'Mudr.',	'606 168 110',	'606 168 110',	'neni@seznam.cz',	'',	'',	3,	1),
(4,	'2013-01-29 21:05:51',	'2013-01-29 21:05:51',	'Taťána',	'Jirousová',	'Mudr.',	'381 209 203',	'',	't.jirousova@email.cz',	'\r\n',	'',	4,	1),
(5,	'2013-01-29 21:11:41',	'2013-01-29 21:11:41',	'Stanislava',	'Kubšová ',	'Mudr.',	'257 216 007',	'',	'kubsova@seznam.cz',	'',	'',	5,	1),
(6,	'2013-01-29 21:19:01',	'2013-01-29 21:19:01',	'Bohumila',	'Kollarová',	'Mudr.',	'387 994 258',	'',	'neni@seznam.cz',	'',	'',	6,	1),
(7,	'2013-01-30 14:01:01',	'2013-01-30 14:01:01',	'Iva',	'Pecinová',	'sestra',	'326 771 377',	'',	'dana.svabova@seznam.cz',	'',	'',	7,	1),
(8,	'2013-01-30 14:03:42',	'2013-01-30 14:03:42',	'Jolana',	'Růžičková Vršková',	'',	'222 781 600',	'',	'sestra@vrskova.cz',	' \r\n',	'',	8,	1),
(9,	'2013-01-30 14:08:56',	'2013-01-30 14:08:56',	'Jana',	'Zámečníková',	'Mudr.',	'416 814 148',	'731 915 800',	'zamecnik.peter@centrum.cz',	'tlf 416 814 148, 416 821 475',	'',	9,	1),
(10,	'2013-01-30 14:11:38',	'2013-01-30 14:11:38',	'Radko',	'Doucha',	'Mudr.',	'491 463 320',	'',	'mudr.radkodoucha@centrum.cz',	'',	'',	10,	1),
(11,	'2013-01-30 14:12:53',	'2013-01-30 14:12:53',	'Radko',	'Doucha',	'Mudr.',	'491 463 320',	'',	'mudr.radkodoucha@centrum.cz',	'',	'',	10,	1),
(12,	'2013-01-30 14:15:56',	'2013-01-30 14:15:56',	'Lenka',	'Žuzlová',	'sestra',	'317 701 232',	'',	'lenka.zuzlova@seznam.cz',	'\r\n',	'',	11,	1),
(13,	'2013-01-30 14:18:33',	'2013-01-30 14:18:33',	'Miloslav',	'Lehnert',	'Mudr.',	'571 451 605',	'',	'm.lehnert@centrum.cz',	'\r\n',	'',	12,	1),
(14,	'2013-01-30 14:31:14',	'2013-01-30 14:31:14',	'Radoslava',	'Žouzelková ',	'',	'583 411 600',	'',	'jaroslav.nemecek@cbox.cz',	'',	'',	13,	1),
(15,	'2013-01-30 14:35:30',	'2013-01-30 14:35:30',	'Petra',	'Kuglerová ',	'',	'416 596 077',	'',	'mudr.slavik@centrum.cz',	'\r\n',	'',	14,	1),
(16,	'2013-01-30 14:38:26',	'2013-01-30 14:38:26',	'Martina',	'Anderová',	'',	'582 393 116',	'',	'marie.sekaninova@email.cz',	'',	'',	15,	1),
(17,	'2013-01-30 14:42:10',	'2013-01-30 14:42:10',	'Václav',	'Filip',	'Mudr.',	'556 857 146',	'',	'mudr.vfilip@tiscali.cz',	'',	'',	16,	1),
(18,	'2013-01-30 14:43:56',	'2013-01-30 14:43:56',	'Jan',	'Hartman',	'Mudr.',	'499 888 105',	'',	'hartmanrtyne@gmail.com',	'\r\n',	'',	17,	1),
(19,	'2013-01-30 14:46:59',	'2013-01-30 14:46:59',	'Olga',	'Chalupová',	'Mudr.',	'274 867 830',	'',	'chalo@volny.cz',	' \r\n',	'',	18,	1),
(20,	'2013-01-30 16:04:43',	'2013-01-30 16:04:43',	'Romana',	'Chalupová',	'sestra',	'583 445 042',	'',	'ludmila.koukalova@email.cz',	'',	'',	20,	1),
(21,	'2013-01-30 16:08:38',	'2013-01-30 16:08:38',	'Daniel',	'Kubina',	'Mudr.',	'595 041 442',	'',	'daniel.kubina@gmail.com',	'',	'',	21,	1),
(22,	'2013-01-30 16:16:20',	'2013-01-30 16:16:20',	'Jaromír',	'Mrazík',	'Mudr.',	'572 598 165',	'',	'jaromir.mrazik@seznam.cz',	'',	'',	22,	1),
(23,	'2013-01-30 16:17:50',	'2013-01-31 11:48:49',	'Zdeněk',	'Pospíšil',	'Mudr.',	'583 382 213',	'777 959 965',	'ordinace-pospisil@seznam.cz',	'',	'',	23,	1),
(24,	'2013-01-30 16:21:50',	'2013-01-30 16:21:50',	'Jan',	'Řehák',	'Mudr.',	'463 351 649',	'',	'rehakjan@seznam.cz',	'\r\n',	'',	24,	1),
(25,	'2013-01-30 16:23:34',	'2013-01-30 16:23:34',	'Radka',	'Sýkorová',	'Mudr.',	'241 047 335',	'606 655 778',	'radka_sykorova@email.cz',	'',	'',	25,	1),
(26,	'2013-01-30 16:26:05',	'2013-01-30 16:26:05',	'Marie',	'Böhmová',	'Mudr.',	'353 825 377',	'',	'marie.bohmova@centrum.cz',	'\r\n',	'',	26,	1),
(27,	'2013-01-30 16:31:38',	'2013-01-30 16:31:38',	'Jaroslava',	'Gruntorádová',	'Mudr.',	'487 831 319',	'',	'gruntoradova@volny.cz',	'',	'',	27,	1),
(28,	'2013-01-30 16:34:03',	'2013-01-30 16:34:03',	'Josef',	'Husička',	'Mudr.',	'585 951 401',	'',	'neni@seznam.cz',	'',	'',	28,	1),
(29,	'2013-01-30 16:37:56',	'2013-01-30 16:37:56',	'Aleš',	'Kalinec  ',	'Mudr.',	'571 660 235',	'',	'ales.kalinec@gmail.cz',	'\r\n',	'',	29,	1),
(30,	'2013-01-30 16:45:38',	'2013-01-30 16:45:38',	'Jiří',	'Klug',	'Mudr.',	'461 352 394',	'',	'klug@post.cz',	'\r\n',	'',	30,	1),
(31,	'2013-01-30 16:48:02',	'2013-01-30 16:48:02',	'Vladislava',	'Mrázková',	'Mudr.',	'573 380 991',	'',	'vladislavamrazkova@centrum.cz',	'',	'',	31,	1),
(32,	'2013-01-30 16:49:55',	'2013-02-07 15:47:44',	'Roman',	'Popek',	'Mudr.',	'546 431 450',	'',	'popek@medipop.cz',	'\r\n',	'',	32,	0),
(33,	'2013-02-07 15:15:17',	'2013-02-07 15:15:17',	'Miluše',	'Kakrdová',	'Mudr.',	'54324 04 67',	'',	'neni@seznam.cz',	'',	'',	33,	1),
(34,	'2013-02-07 15:23:43',	'2013-02-07 15:23:43',	'Vlastimil',	'Boček',	'Mudr.',	'606 876 432',	'',	'dr.bocek@seznam.cz',	'',	'',	34,	1),
(35,	'2013-02-07 15:30:53',	'2013-02-07 15:30:53',	'Alena',	'Krásová',	'Mudr.',	'543 243 674',	'',	'neni@seznam.cz',	'',	'',	35,	1),
(36,	'2013-02-07 15:35:09',	'2013-02-07 15:35:09',	'Iva',	'Jeleníková',	'Mudr.',	'541 243 493',	'723 468 250',	'neni@seznam.cz',	'',	'',	36,	1),
(37,	'2013-02-07 15:45:59',	'2013-02-07 15:45:59',	'Roman',	'Popek',	'',	'546 431 450',	'',	'popek@medipop.cz',	'',	'',	38,	1),
(38,	'2013-02-07 15:53:58',	'2013-02-07 15:53:58',	'Ivo',	'Šlosar',	'Mudr.',	'603 503 209',	'',	'ivo.slosar@atlas.cz',	'\r\n',	'',	39,	1),
(39,	'2013-02-07 16:23:31',	'2013-02-07 16:23:31',	'Vratislav',	'Ludvík',	'Mudr.',	'491 453 046',	'',	'vratislav.ludvik@tiscali.cz',	'\r\n',	'',	40,	1),
(40,	'2013-02-07 16:27:43',	'2013-02-07 16:27:43',	'Zdeňka',	'Bártová',	'Mudr.',	'376 397 312',	'',	'mudrbartova@quick.cz',	'',	'',	41,	1),
(41,	'2013-02-07 16:29:44',	'2013-02-07 16:29:44',	'Jindřiška',	'Šnajdrová',	'sestra',	'583 411 600',	'',	'neni@seznam.cz',	'',	'',	42,	1),
(42,	'2013-02-07 16:31:42',	'2013-02-07 16:31:42',	'Zdeňka',	'Lukešoví',	'Mudr.',	'515 234 315',	'',	'zdeluk@gmail.com',	'\r\n',	'',	43,	1),
(43,	'2013-02-07 16:40:26',	'2013-02-07 16:40:26',	'Iva',	'Kovářová ',	'sestra',	'548 217 661',	'',	'ja.placha@gmail.com',	'\r\n',	'',	44,	1),
(44,	'2013-02-07 16:46:19',	'2013-02-07 16:46:19',	'Zuzana',	'Rousová',	'Mudr.',	'545 176 583',	'',	'rousovazuzana@volny.cz',	'\r\n',	'',	45,	1),
(45,	'2013-02-07 16:47:43',	'2013-02-07 16:47:43',	'Stodolová',	'Magda',	'Mudr.',	'606 422 946',	'',	'magda.stodolova@unet.cz',	'',	'',	46,	1),
(46,	'2013-02-07 16:49:56',	'2013-02-07 16:49:56',	'Igor',	'Šubert',	'Mudr.',	'566 670 121',	'',	'neni@seznam.cz',	'',	'',	47,	1),
(47,	'2013-02-07 16:51:30',	'2013-02-07 16:51:30',	'Ilon',	'Vildomcová',	'Mudr.',	'549 420 230',	'',	'ilona.vildomcova@seznam.cz',	'\r\n',	'',	48,	1),
(48,	'2013-02-07 16:53:03',	'2013-02-07 16:53:03',	'Lenka',	'Bešťáková',	'',	'377 220 189',	'',	'dr.bestakova@seznam.cz',	'\r\n',	'',	49,	1),
(49,	'2013-02-12 15:28:29',	'2013-02-12 15:28:29',	'Jana',	'Vildová',	'Mudr.',	'549 256 289',	'',	'jana.vildova@centrum.cz',	'',	'',	50,	1),
(50,	'2013-02-12 16:24:58',	'2013-02-12 16:24:58',	'Michaela',	'Koukalová',	'Mudr.',	'541 552 332',	'',	'neni@seznam.cz',	'',	'',	51,	1),
(51,	'2013-02-12 16:40:06',	'2013-02-12 16:40:06',	'Danuše',	'Pevná',	'Mudr.',	'543 171 238',	'723 577 057',	'neni@seznam.cz',	'',	'',	52,	1),
(52,	'2013-02-12 17:11:28',	'2013-02-12 17:11:40',	'Jana',	'Klodnerová',	'sestra',	'516 488 407-fax',	'731 572 585',	'miloslava.buchtova@seznam.cz',	'',	'',	53,	1),
(53,	'2013-02-12 17:14:05',	'2013-02-12 17:14:05',	'Vladimíra',	'Fleischmannová',	'Mudr.',	'321 752 533',	'',	'vladka.fleischmannova@seznam.cz',	'9.1.13-velice milá Mudr. Mají malou spotřebu, ozvou se jakmile doberou, byli spokojení; odeslán email 11/10/12\r\n',	'',	54,	1),
(54,	'2013-02-12 17:17:48',	'2013-02-12 17:17:48',	'Věra',	'Moučková',	'sestra',	'487 883 928',	'737 980 922',	'hadravovairena@seznam.cz',	'',	'',	55,	1),
(55,	'2013-02-12 17:38:09',	'2013-02-12 17:38:09',	'Jiří',	'Hrubý',	'Mudr.',	'582 800 814',	'',	'Hrubyjir@centrum.cz',	'email se mi vrátil ',	'',	56,	1),
(56,	'2013-02-12 17:40:04',	'2013-02-12 17:40:15',	'Helena',	'Ježíková',	'Mudr.',	'581 741 528',	'',	'helena.jezikova@seznam.cz',	'17.1.13 = volat koncem dubna, kdy se vrátí sestra, má všeho dostat.zásobu; 16.1.13= nebrala tlf; odeslán email 11/10/12\r\n',	'',	57,	1),
(57,	'2013-02-19 15:12:04',	'2013-02-19 15:12:04',	'',	'Polak',	'',	'723238866',	'',	'martin.polak@mokra.cz',	'',	'',	58,	1),
(58,	'2013-02-19 15:22:16',	'2013-02-19 15:22:16',	'',	'asd',	'',	'123123123',	'',	'',	'',	'',	58,	1),
(59,	'2013-03-05 14:23:58',	'2013-03-05 14:23:58',	'Eva',	'Musilová',	'sestra',	'519 340 426',	'',	'eva.mumu@seznam.cz',	'',	'',	63,	1),
(60,	'2013-03-05 14:31:39',	'2013-03-05 14:31:39',	'Helena',	'Stárková',	'Mudr.',	'585 416 355',	'',	'starkova.h@seznam.cz',	'',	'',	64,	1),
(61,	'2013-03-05 14:37:58',	'2013-03-05 14:37:58',	'Petr',	'Vašica',	'Mudr.',	'388 315 080',	'606 614 070',	'mudr.p.vasica@seznam.cz',	' \r\n',	'',	65,	1),
(62,	'2013-03-05 14:42:53',	'2013-03-05 14:42:53',	'Karásková',	'Vladimíra',	'Mudr.',	'481 585 174',	'',	'ponikelskaordinace@seznam.cz',	'\r\n',	'',	66,	1),
(63,	'2013-03-05 14:46:31',	'2013-03-05 14:46:31',	'Lenka',	'Bačová',	'Mudr.',	'576 519 386',	'731 616 645',	'lenka1bacova@seznam.cz',	'\r\n',	'',	67,	1),
(64,	'2013-03-05 15:22:17',	'2013-03-05 15:22:17',	'Ivana',	'Tamlerová',	'asistentka',	'417 537 407',	'604 108 738',	'vulcas.iptam@tiscali.cz',	'',	'',	70,	1),
(65,	'2013-03-05 15:53:52',	'2013-03-05 15:53:52',	'Petr',	'Šubrt',	'Mudr.',	'495 585 407',	'777 581 123',	'',	'',	'',	75,	1),
(66,	'2013-03-05 15:58:04',	'2013-03-05 15:58:04',	'Tomáš',	'Přikryl',	'Mudr.',	'321 783 521',	'604 652 716 ',	'ordinace@tomasprikryl.cz',	' \r\n',	'',	76,	1),
(67,	'2013-03-05 16:11:53',	'2013-03-05 16:11:53',	'Jiří',	'Klement',	'Mudr.',	'487 870 386',	'728 629 590',	'klement.jiri@seznam.cz',	'\r\n',	'',	82,	1),
(68,	'2013-03-06 11:10:06',	'2013-03-06 11:10:06',	'Bohumír',	'Beneda',	'Mudr.',	'387 204 034',	'605 506 222',	'bbeneda@yahoo.com',	'',	'',	85,	1),
(69,	'2013-03-06 12:38:33',	'2013-03-06 12:38:33',	'Lubomír',	'Procházka',	'Mudr.',	'387 422 054',	'',	'lubomir26@seznam.cz',	'',	'',	86,	1),
(70,	'2013-03-06 15:41:53',	'2013-03-06 15:41:53',	'Petr',	'Cedrych',	'Mudr.',	'487 877 423',	'773 973 365',	'cedrych.petr@seznam.cz',	' \r\n',	'',	93,	1),
(71,	'2013-03-06 15:46:40',	'2013-03-06 15:46:40',	'Monika',	'Moravcová',	'sestra',	'244 462 896',	'737 484 885',	'',	'',	'',	96,	1),
(72,	'2013-03-06 15:47:04',	'2013-03-06 15:47:04',	'Renata',	'Molnárová',	'Mudr.',	'244 462 896',	'',	'pirkacu@centrum.cz',	'',	'',	96,	1),
(73,	'2013-03-06 15:50:55',	'2013-03-06 15:51:05',	'Vladimír',	'Klos',	'Mudr.',	'493 532 987',	'736 778 417',	'Vladimir.Klos@seznam.cz',	' ',	'',	98,	1),
(74,	'2013-04-02 14:13:43',	'2013-04-02 14:13:43',	'Pavla',	'Rotová',	'Mudr.',	'483 311 322',	'',	'mudr.rotova@iol.cz',	'\r\n',	'',	102,	1),
(75,	'2013-04-02 14:17:30',	'2013-04-02 14:17:30',	'Zdeněk',	'Hamouz',	'Mudr.',	'474 628 259',	'',	'',	'',	'',	103,	1),
(76,	'2013-04-02 14:21:14',	'2013-04-02 14:21:14',	'Helena',	'Stárková',	'Mudr.',	'585 416 355',	'',	'starkova.h@seznam.cz',	'',	'',	104,	1),
(77,	'2013-04-02 14:41:39',	'2013-04-02 14:41:39',	'Horáková',	'Marie',	'Mudr.',	'271 746 494',	'',	'',	'',	'',	105,	1),
(78,	'2013-04-02 15:32:21',	'2013-04-02 15:32:21',	'Jana',	'Čadová',	'Mudr.',	'606 649 888',	'371 750 791',	'',	'tlf 606 649  888, 371 750 791\r\n',	'',	107,	1),
(79,	'2013-04-02 15:39:07',	'2013-04-02 15:39:07',	'Eva',	'Musilová',	'sestra',	'519 340 426',	'',	'eva.mumu@seznam.cz',	'',	'',	108,	1),
(80,	'2013-04-03 15:53:16',	'2013-04-03 15:53:16',	'Petr',	'Zlámal',	'Mudr.',	'541 225 296',	'',	'',	'http://www.gynekologie-brno.com/index.php',	'',	109,	1),
(81,	'2013-04-15 13:21:50',	'2013-04-15 13:21:50',	'Jana',	'Císařová',	'Mudr.',	'311 670 102',	'602 155 352',	'',	'\r\n',	'',	111,	1),
(82,	'2013-04-15 13:24:37',	'2013-04-15 13:24:37',	'Rudolf',	'Vlček',	'Mudr.',	'376 391 316',	'',	'',	'',	'',	112,	1),
(83,	'2013-04-15 13:27:52',	'2013-04-15 13:27:52',	'Dagmar',	'Štancová',	'Mudr.',	'377 922 235',	'727 309 999',	'',	'\r\n',	'',	113,	1),
(84,	'2013-04-15 13:32:01',	'2013-04-15 13:32:01',	'Eva',	'Lenkvíková',	'Mudr.',	'482 770 966',	'',	'eva.lenkvikova@seznam.cz',	'482 770 966 Liberec\r\n482 723 391 Hrádek\r\n',	'',	114,	1),
(85,	'2013-04-15 13:38:38',	'2013-04-15 13:38:38',	'Kateřina',	'Mikušová',	'Mudr.',	'572 593 222',	'734 838 258',	'',	'',	'',	116,	1),
(86,	'2013-06-06 09:52:23',	'2013-06-06 09:52:23',	'Tomáš',	'Aichler',	'Mudr.',	'416 716 144',	'732 211 537',	'aichler.ltm@razdva.cz',	'',	'',	121,	1),
(87,	'2013-06-06 09:55:34',	'2013-06-06 09:55:34',	'Jan',	'Křivský',	'Mudr.',	'327 324 210',	'',	'krivsky@gmail.com',	'',	'',	122,	1),
(88,	'2013-06-06 10:09:57',	'2013-06-06 10:09:57',	'Lenka',	'Březovská',	'Mudr.',	'416 782 911',	'728 746 358',	'ordinaceterezin@seznam.cz',	'',	'',	126,	1),
(89,	'2013-06-06 10:13:51',	'2013-06-06 10:13:51',	'Zdeněk',	'Koubek',	'Mudr.',	'326 911 477',	'775 980 896',	'mudr.koubek@tiscali.cz',	'',	'',	128,	1),
(90,	'2013-06-12 14:27:15',	'2013-06-12 14:27:15',	'Petr',	'Šonka',	'Mudr.',	'377 983 152',	'775 328 303',	'',	'',	'',	132,	1),
(91,	'2013-06-12 15:02:35',	'2013-06-12 15:10:19',	'Jana',	'Janovská',	'Mudr.',	'326 773 191',	'728 036 453',	'',	'',	'',	134,	1),
(92,	'2013-06-12 15:39:47',	'2013-06-12 15:39:47',	'Jan',	'Holec',	'Mudr.',	'416 594 421',	'608 081 872',	'',	'',	'',	137,	1),
(93,	'2013-06-12 16:05:08',	'2013-06-12 16:05:08',	'Dušan',	'Helia',	'Mudr.',	'572 549 481',	'603 532 349',	'ordinaceheliovikunovice@seznam.cz',	'\r\n',	'',	142,	1),
(94,	'2013-06-12 16:05:09',	'2013-06-12 16:05:09',	'Dušan',	'Helia',	'Mudr.',	'572 549 481',	'603 532 349',	'ordinaceheliovikunovice@seznam.cz',	'\r\n',	'',	142,	1),
(95,	'2013-06-12 16:10:32',	'2013-06-12 16:10:32',	'Pavel',	'Vajsejtl',	'Mudr.',	'354 542 222',	'354 599 250',	'',	'\r\n',	'',	143,	1),
(96,	'2013-06-12 16:19:41',	'2013-06-12 16:19:41',	'Tamara',	'Škopková',	'Mudr.',	'776 554 477',	'603 523 726',	'',	'',	'',	145,	1),
(97,	'2013-06-12 16:23:16',	'2013-06-12 16:23:16',	'Naděžda',	'Sehnalová',	'Mudr.',	'315 685 024',	'604 202 556',	'nada.sehnalova@gmail.com',	'',	'',	146,	1),
(98,	'2013-06-24 16:15:37',	'2013-06-24 16:20:01',	'Markéta',	'Švábová',	'Mudr.',	'416 532 720',	'724 920 752',	'marketa@inmed-sv.cz',	'',	'',	151,	1),
(99,	'2013-07-23 11:01:28',	'2013-07-23 11:01:28',	'Jaroslav ',	'Trávníček',	'MUDr.',	'383 493 389',	'602 319 103',	'jaroslav.travnicek@atlas.cz',	'\r\n',	'',	189,	1),
(100,	'2013-07-23 11:04:11',	'2013-07-23 11:04:11',	'Rostislav',	'Koňařík',	'MUDr.',	'326 982 396',	'724 086 760',	'rkonarik@seznam.cz',	' \r\n',	'',	190,	1);

DROP TABLE IF EXISTS `costs`;
CREATE TABLE `costs` (
  `id` int(10) unsigned NOT NULL AUTO_INCREMENT,
  `created` datetime NOT NULL,
  `modified` datetime NOT NULL,
  `amount` decimal(10,2) NOT NULL DEFAULT '0.00',
  `description` text COLLATE utf8_czech_ci NOT NULL,
  `date` date NOT NULL,
  `business_session_id` int(10) unsigned NOT NULL,
  PRIMARY KEY (`id`)
) ENGINE=InnoDB DEFAULT CHARSET=utf8 COLLATE=utf8_czech_ci;


DROP TABLE IF EXISTS `documents`;
CREATE TABLE `documents` (
  `id` int(10) unsigned NOT NULL AUTO_INCREMENT,
  `created` datetime NOT NULL,
  `modified` datetime NOT NULL,
  `title` varchar(255) COLLATE utf8_czech_ci NOT NULL,
  `name` varchar(255) COLLATE utf8_czech_ci NOT NULL,
  `imposition_id` int(10) unsigned NOT NULL,
  `business_partner_id` int(10) unsigned NOT NULL,
  `offer_id` int(10) unsigned NOT NULL,
  PRIMARY KEY (`id`)
) ENGINE=InnoDB DEFAULT CHARSET=utf8 COLLATE=utf8_czech_ci;


DROP TABLE IF EXISTS `imposition_periods`;
CREATE TABLE `imposition_periods` (
  `id` int(10) unsigned NOT NULL AUTO_INCREMENT,
  `created` datetime NOT NULL,
  `modified` datetime NOT NULL,
  `name` varchar(30) COLLATE utf8_czech_ci NOT NULL,
  `interval` varchar(30) COLLATE utf8_czech_ci NOT NULL,
  PRIMARY KEY (`id`)
) ENGINE=InnoDB DEFAULT CHARSET=utf8 COLLATE=utf8_czech_ci;

INSERT INTO `imposition_periods` (`id`, `created`, `modified`, `name`, `interval`) VALUES
(1,	'2011-08-11 11:24:55',	'2011-08-11 11:24:55',	'denně',	'+1 day'),
(2,	'2011-08-11 11:25:52',	'2011-08-11 11:27:54',	'týdně',	'+1 week'),
(3,	'2011-08-11 11:28:28',	'2011-08-11 11:28:28',	'měsíčně',	'+1 month');

DROP TABLE IF EXISTS `imposition_states`;
CREATE TABLE `imposition_states` (
  `id` int(10) unsigned NOT NULL AUTO_INCREMENT,
  `created` datetime NOT NULL,
  `modified` datetime NOT NULL,
  `name` varchar(100) COLLATE utf8_czech_ci NOT NULL,
  PRIMARY KEY (`id`)
) ENGINE=InnoDB DEFAULT CHARSET=utf8 COLLATE=utf8_czech_ci;

INSERT INTO `imposition_states` (`id`, `created`, `modified`, `name`) VALUES
(1,	'2011-01-25 18:43:05',	'2011-01-25 18:43:05',	'otevřeno'),
(2,	'2011-01-25 18:43:13',	'2011-01-25 18:43:13',	'rozpracováno'),
(3,	'2011-01-25 18:43:20',	'2011-03-03 19:02:39',	'uzavřeno'),
(4,	'2011-01-25 18:43:26',	'2011-01-25 18:43:26',	'stornováno');

DROP TABLE IF EXISTS `impositions`;
CREATE TABLE `impositions` (
  `id` int(10) unsigned NOT NULL AUTO_INCREMENT,
  `created` datetime NOT NULL,
  `modified` datetime NOT NULL,
  `business_partner_id` int(10) unsigned NOT NULL,
  `user_id` int(10) unsigned NOT NULL,
  `title` varchar(50) COLLATE utf8_czech_ci NOT NULL,
  `description` text COLLATE utf8_czech_ci NOT NULL,
  `imposition_state_id` int(10) unsigned NOT NULL,
  `notified` tinyint(1) unsigned NOT NULL,
  PRIMARY KEY (`id`)
) ENGINE=InnoDB DEFAULT CHARSET=utf8 COLLATE=utf8_czech_ci;

INSERT INTO `impositions` (`id`, `created`, `modified`, `business_partner_id`, `user_id`, `title`, `description`, `imposition_state_id`, `notified`) VALUES
(1,	'2013-01-24 19:43:50',	'2013-01-29 17:40:19',	1,	11,	'Volat',	'volat s nabídkou coagucheků',	1,	1),
(7,	'2013-01-29 21:22:17',	'2013-01-29 21:22:17',	2,	12,	'Zadávání kontaktů',	'Martine, potřebovala bych aby u zadávání kontaktních osob nebylo povinné udávat emaily\r\nněkteří lékaři ho žel nemají....\r\na bez emailu mě to nejde uložit.\r\nmyslíš že to půjde, že to bude možné nastavit?\r\n\r\nto samé teď u úkolu :-D musí být uvedem obchodní partner co když se úkol netýká ani jednoho z nich?\r\nale třeba jen mě? \r\n\r\nděkuji Zd.',	1,	1);

DROP TABLE IF EXISTS `impositions_users`;
CREATE TABLE `impositions_users` (
  `id` int(10) unsigned NOT NULL AUTO_INCREMENT,
  `created` datetime NOT NULL,
  `modified` datetime NOT NULL,
  `user_id` int(10) unsigned NOT NULL,
  `imposition_id` int(10) unsigned NOT NULL,
  PRIMARY KEY (`id`)
) ENGINE=InnoDB DEFAULT CHARSET=utf8 COLLATE=utf8_czech_ci;

INSERT INTO `impositions_users` (`id`, `created`, `modified`, `user_id`, `imposition_id`) VALUES
(1,	'2013-01-24 19:43:50',	'2013-01-24 19:43:50',	10,	1),
(9,	'2013-01-29 21:22:17',	'2013-01-29 21:22:17',	10,	7);

DROP TABLE IF EXISTS `mail_templates`;
CREATE TABLE `mail_templates` (
  `id` int(10) unsigned NOT NULL AUTO_INCREMENT,
  `created` datetime NOT NULL,
  `modified` datetime NOT NULL,
  `subject` varchar(155) NOT NULL,
  `content` text NOT NULL,
  `description` varchar(255) NOT NULL,
  PRIMARY KEY (`id`)
) ENGINE=InnoDB DEFAULT CHARSET=utf8;

INSERT INTO `mail_templates` (`id`, `created`, `modified`, `subject`, `content`, `description`) VALUES
(2,	'2011-05-01 10:42:16',	'2011-05-01 10:42:16',	'Expirující úkol',	'Dobrý den,\r\núkol, který jste zadal uživatelům:\r\n%resolvers%\r\nexpiruje za %expiration_days% dnů.\r\n\r\nInformace o úkolu:\r\n%imposition_description%\r\n\r\nÚkol si můžete po přihlášení zobrazit zde: http://c.lekarna-obzor.cz/user/impositions/view/%imposition_id%\r\n\r\nS pozravem tým CRM Lékárna Obzor CZ',	'expirujici ukol - upozorneni zadavateli'),
(3,	'2011-05-01 11:58:25',	'2011-05-01 11:58:25',	'Expirující úkol',	'Dobrý den,\r\n\r\nÚkol který Vám zadal %submitter% má být splněn do %expiration_days% dnů.\r\n\r\nInformace o úkolu:\r\n%imposition_description%\r\n\r\nÚkol si můžete po přihlášení zobrazit zde: http://c.lekarna-obzor.cz/user/impositions/view/%imposition_id%\r\n\r\nS pozravem tým CRM Lékárna Obzor CZ',	'expirujici ukol - upozorneni resitelum');

DROP TABLE IF EXISTS `name_days`;
CREATE TABLE `name_days` (
  `id` int(11) unsigned NOT NULL AUTO_INCREMENT,
  `day_in_year` int(10) unsigned NOT NULL,
  `name` varchar(100) NOT NULL,
  PRIMARY KEY (`id`)
) ENGINE=InnoDB DEFAULT CHARSET=utf8;

INSERT INTO `name_days` (`id`, `day_in_year`, `name`) VALUES
(1,	1,	'Nový rok'),
(2,	2,	'Karina'),
(3,	3,	'Radmila'),
(4,	4,	'Diana'),
(5,	5,	'Dalimil'),
(6,	6,	'Tři králové'),
(7,	7,	'Vilma'),
(8,	8,	'Čestmír'),
(9,	9,	'Vladan'),
(10,	10,	'Břetislav'),
(11,	11,	'Bohdana'),
(12,	12,	'Pravoslav'),
(13,	13,	'Edita'),
(14,	14,	'Radovan'),
(15,	15,	'Alice'),
(16,	16,	'Ctirad'),
(17,	17,	'Drahoslav'),
(18,	18,	'Vladislav'),
(19,	19,	'Doubravka'),
(20,	20,	'Ilona'),
(21,	21,	'Běla'),
(22,	22,	'Slavomír'),
(23,	23,	'Zdeněk'),
(24,	24,	'Milena'),
(25,	25,	'Miloš'),
(26,	26,	'Zora'),
(27,	27,	'Ingrid'),
(28,	28,	'Otýlie'),
(29,	29,	'Zdislava'),
(30,	30,	'Robin'),
(31,	31,	'Marika'),
(32,	32,	'Hynek'),
(33,	33,	'Nela'),
(34,	34,	'Blažej'),
(35,	35,	'Jarmila'),
(36,	36,	'Dobromila'),
(37,	37,	'Vanda'),
(38,	38,	'Veronika'),
(39,	39,	'Milada'),
(40,	40,	'Apolena'),
(41,	41,	'Mojmír'),
(42,	42,	'Božena'),
(43,	43,	'Slavěna'),
(44,	44,	'Věnceslav'),
(45,	45,	'Valentýn'),
(46,	46,	'Jiřina'),
(47,	47,	'Ljuba'),
(48,	48,	'Miloslava'),
(49,	49,	'Gizela'),
(50,	50,	'Patrik'),
(51,	51,	'Oldřich'),
(52,	52,	'Lenka'),
(53,	53,	'Petr'),
(54,	54,	'Svatopluk'),
(55,	55,	'Matěj'),
(56,	56,	'Liliana'),
(57,	57,	'Dorota'),
(58,	58,	'Alexandr'),
(59,	59,	'Lumír'),
(60,	60,	'Horymír'),
(61,	61,	'Bedřich'),
(62,	62,	'Anežka'),
(63,	63,	'Kamil'),
(64,	64,	'Stela'),
(65,	65,	'Kazimír'),
(66,	66,	'Miroslav'),
(67,	67,	'Tomáš'),
(68,	68,	'Gabriela'),
(69,	69,	'Františka'),
(70,	70,	'Viktorie'),
(71,	71,	'Anděla'),
(72,	72,	'Řehoř'),
(73,	73,	'Růžena'),
(74,	74,	'Rút'),
(75,	74,	'Matylda'),
(76,	75,	'Ida'),
(77,	76,	'Elena'),
(78,	76,	'Herbert'),
(79,	77,	'Vlastimil'),
(80,	78,	'Eduard'),
(81,	79,	'Josef'),
(82,	80,	'Světlana'),
(83,	81,	'Radek'),
(84,	82,	'Leona'),
(85,	83,	'Ivona'),
(86,	84,	'Gabriel'),
(87,	85,	'Marián'),
(88,	86,	'Emanuel'),
(89,	87,	'Dita'),
(90,	88,	'Soňa'),
(91,	89,	'Taťána'),
(92,	90,	'Arnošt'),
(93,	91,	'Kvido'),
(94,	92,	'Hugo'),
(95,	93,	'Erika'),
(96,	94,	'Richard'),
(97,	95,	'Ivana'),
(98,	96,	'Miroslava'),
(99,	97,	'Vendula'),
(100,	98,	'Heřman'),
(101,	98,	'Hermína'),
(102,	99,	'Ema'),
(103,	100,	'Dušan'),
(104,	101,	'Darja'),
(105,	102,	'Izabela'),
(106,	103,	'Julius'),
(107,	104,	'Aleš'),
(108,	105,	'Vincenc'),
(109,	106,	'Anastázie'),
(110,	107,	'Irena'),
(111,	108,	'Rudolf'),
(112,	109,	'Valérie'),
(113,	110,	'Rostislav'),
(114,	111,	'Marcela'),
(115,	112,	'Alexandra'),
(116,	113,	'Evžénie'),
(117,	114,	'Vojtěch'),
(118,	115,	'Jiří'),
(119,	116,	'Marek'),
(120,	117,	'Oto'),
(121,	118,	'Jaroslav'),
(122,	119,	'Vlastislav'),
(123,	120,	'Robert'),
(124,	121,	'Blahoslav'),
(125,	122,	'Svátek práce'),
(126,	123,	'Zikmund'),
(127,	124,	'Alexej'),
(128,	125,	'Květoslav'),
(129,	126,	'Klaudie'),
(130,	127,	'Radoslav'),
(131,	128,	'Stanislav'),
(132,	129,	'Statní svátek'),
(133,	130,	'Ctibor'),
(134,	131,	'Blažena'),
(135,	132,	'Svatava'),
(136,	133,	'Pankrác'),
(137,	134,	'Servác'),
(138,	135,	'Bonifác'),
(139,	136,	'Žofie'),
(140,	137,	'Přemysl'),
(141,	138,	'Aneta'),
(142,	139,	'Nataša'),
(143,	140,	'Ivo'),
(144,	141,	'Zbyšek'),
(145,	142,	'Monika'),
(146,	143,	'Emil'),
(147,	144,	'Vladimír'),
(148,	145,	'Jana'),
(149,	146,	'Viola'),
(150,	147,	'Filip'),
(151,	148,	'Valdemar'),
(152,	149,	'Vilém'),
(153,	150,	'Maxim'),
(154,	151,	'Ferdinand'),
(155,	152,	'Kamila'),
(156,	153,	'Laura'),
(157,	154,	'Jarmil'),
(158,	155,	'Tamara'),
(159,	156,	'Dalibor'),
(160,	157,	'Dobroslav'),
(161,	158,	'Norbert'),
(162,	159,	'Iveta'),
(163,	160,	'Medard'),
(164,	161,	'Stanislava'),
(165,	162,	'Gita'),
(166,	163,	'Bruno'),
(167,	164,	'Antonie'),
(168,	165,	'Antonín'),
(169,	166,	'Roland'),
(170,	167,	'Vít'),
(171,	168,	'Zbyněk'),
(172,	169,	'Adolf'),
(173,	170,	'Milan'),
(174,	171,	'Leoš'),
(175,	172,	'Květa'),
(176,	173,	'Alois'),
(177,	174,	'Pavla'),
(178,	175,	'Zdeňka'),
(179,	176,	'Jan'),
(180,	177,	'Ivan'),
(181,	178,	'Adriana'),
(182,	179,	'Ladislav'),
(183,	180,	'Lubomír'),
(184,	181,	'Petr a Pavel'),
(185,	182,	'Šárka'),
(186,	183,	'Jaroslava'),
(187,	184,	'Patricie'),
(188,	185,	'Radomír'),
(189,	186,	'Prokop'),
(190,	187,	'Cyril'),
(191,	187,	'Metoděj'),
(192,	188,	'Státní svátek - Mistr Jan Hus'),
(193,	189,	'Bohuslava'),
(194,	190,	'Nora'),
(195,	191,	'Drahoslava'),
(196,	192,	'Amálie'),
(197,	192,	'Libuše'),
(198,	193,	'Olga'),
(199,	194,	'Bořek'),
(200,	195,	'Markéta'),
(201,	196,	'Karolína'),
(202,	197,	'Jindřich'),
(203,	198,	'Luboš'),
(204,	199,	'Martina'),
(205,	200,	'Drahomíra'),
(206,	201,	'Čeněk'),
(207,	202,	'Ilja'),
(208,	203,	'Vítězslav'),
(209,	204,	'Magdaléna'),
(210,	205,	'Libor'),
(211,	206,	'Kristýna'),
(212,	207,	'Jakub'),
(213,	208,	'Anna'),
(214,	209,	'Věroslav'),
(215,	210,	'Viktor'),
(216,	211,	'Marta'),
(217,	212,	'Bořivoj'),
(218,	213,	'Ignác'),
(219,	214,	'Oskar'),
(220,	215,	'Gustav'),
(221,	216,	'Miluše'),
(222,	217,	'Dominik'),
(223,	218,	'Kristián'),
(224,	219,	'Oldřiška'),
(225,	220,	'Lada'),
(226,	221,	'Soběslav'),
(227,	222,	'Roman'),
(228,	223,	'Vavřinec'),
(229,	224,	'Zuzana'),
(230,	225,	'Klára'),
(231,	226,	'Alena'),
(232,	227,	'Alan'),
(233,	228,	'Hana'),
(234,	229,	'Jáchym'),
(235,	230,	'Petra'),
(236,	231,	'Helena'),
(237,	232,	'Ludvík'),
(238,	233,	'Bernard'),
(239,	234,	'Johana'),
(240,	235,	'Bohuslav'),
(241,	236,	'Sandra'),
(242,	237,	'Bartoloměj'),
(243,	238,	'Radim'),
(244,	239,	'Luděk'),
(245,	240,	'Otakar'),
(246,	241,	'Augustýn'),
(247,	242,	'Evelína'),
(248,	243,	'Vladěna'),
(249,	244,	'Pavlína'),
(250,	245,	'Linda'),
(251,	245,	'Samuel'),
(252,	246,	'Adéla'),
(253,	247,	'Bronislav'),
(254,	248,	'Jindřiška'),
(255,	249,	'Boris'),
(256,	250,	'Boleslav'),
(257,	251,	'Regína'),
(258,	252,	'Mariana'),
(259,	253,	'Daniela'),
(260,	254,	'Irma'),
(261,	255,	'Denisa'),
(262,	256,	'Marie'),
(263,	257,	'Lubor'),
(264,	258,	'Radka'),
(265,	259,	'Jolana'),
(266,	260,	'Ludmila'),
(267,	261,	'Naděžda'),
(268,	262,	'Kryštof'),
(269,	263,	'Zita'),
(270,	264,	'Oleg'),
(271,	265,	'Matouš'),
(272,	266,	'Darina'),
(273,	267,	'Berta'),
(274,	268,	'Jaromír'),
(275,	269,	'Zlata'),
(276,	270,	'Andrea'),
(277,	271,	'Jonáš'),
(278,	272,	'Václav'),
(279,	273,	'Michal'),
(280,	274,	'Jeroným'),
(281,	275,	'Igor'),
(282,	276,	'Olívie'),
(283,	276,	'Oliver'),
(284,	277,	'Bohumil'),
(285,	278,	'František'),
(286,	279,	'Eliška'),
(287,	280,	'Hanuš'),
(288,	281,	'Justýna'),
(289,	282,	'Věra'),
(290,	283,	'Štefan'),
(291,	283,	'Sára'),
(292,	284,	'Marina'),
(293,	285,	'Andrej'),
(294,	286,	'Marcel'),
(295,	287,	'Renáta'),
(296,	288,	'Agáta'),
(297,	289,	'Tereza'),
(298,	290,	'Havel'),
(299,	291,	'Hedvika'),
(300,	292,	'Lukáš'),
(301,	293,	'Michaela'),
(302,	294,	'Vendelín'),
(303,	295,	'Brigita'),
(304,	296,	'Sabina'),
(305,	297,	'Teodor'),
(306,	298,	'Nina'),
(307,	299,	'Beáta'),
(308,	300,	'Erik'),
(309,	301,	'Šarlota'),
(310,	301,	'Zoe'),
(311,	302,	'Státní svátek'),
(312,	303,	'Silvie'),
(313,	304,	'Tadeáš'),
(314,	305,	'Štěpánka'),
(315,	306,	'Felix'),
(316,	307,	'Památka zesnulých'),
(317,	308,	'Hubert'),
(318,	309,	'Karel'),
(319,	310,	'Miriam'),
(320,	311,	'Liběna'),
(321,	312,	'Saskie'),
(322,	313,	'Bohumír'),
(323,	314,	'Bohdan'),
(324,	315,	'Evžen'),
(325,	316,	'Martin'),
(326,	317,	'Benedikt'),
(327,	318,	'Tibor'),
(328,	319,	'Sáva'),
(329,	320,	'Leopold'),
(330,	321,	'Otmar'),
(331,	322,	'Mahuléna'),
(332,	323,	'Romana'),
(333,	324,	'Alžběta'),
(334,	325,	'Nikola'),
(335,	326,	'Albert'),
(336,	327,	'Cecílie'),
(337,	328,	'Klement'),
(338,	329,	'Emílie'),
(339,	330,	'Kateřina'),
(340,	331,	'Artur'),
(341,	332,	'Xenie'),
(342,	333,	'René'),
(343,	334,	'Zina'),
(344,	335,	'Ondřej'),
(345,	336,	'Iva'),
(346,	337,	'Blanka'),
(347,	338,	'Svatoslav'),
(348,	339,	'Barbora'),
(349,	340,	'Jitka'),
(350,	341,	'Mikuláš'),
(351,	342,	'Ambrož'),
(352,	343,	'Květoslava'),
(353,	344,	'Vratislav'),
(354,	345,	'Julie'),
(355,	346,	'Dana'),
(356,	347,	'Simona'),
(357,	348,	'Lucie'),
(358,	349,	'Lýdie'),
(359,	350,	'Radana'),
(360,	351,	'Albína'),
(361,	352,	'Daniel'),
(362,	353,	'Miloslav'),
(363,	354,	'Ester'),
(364,	355,	'Dagmar'),
(365,	356,	'Natálie'),
(366,	357,	'Šimon'),
(367,	358,	'Vlasta'),
(368,	359,	'Adam'),
(369,	359,	'Eva'),
(370,	360,	'1.svátek vánoční'),
(371,	361,	'Štěpán'),
(372,	362,	'Žaneta'),
(373,	363,	'Bohumila'),
(374,	364,	'Judita'),
(375,	365,	'David'),
(376,	366,	'Silvestr');

DROP TABLE IF EXISTS `offers`;
CREATE TABLE `offers` (
  `id` int(10) unsigned NOT NULL AUTO_INCREMENT,
  `created` datetime NOT NULL,
  `modified` datetime NOT NULL,
  `business_session_id` int(10) unsigned NOT NULL,
  `content` text COLLATE utf8_czech_ci NOT NULL,
  PRIMARY KEY (`id`)
) ENGINE=InnoDB DEFAULT CHARSET=utf8 COLLATE=utf8_czech_ci;


DROP TABLE IF EXISTS `products`;
CREATE TABLE `products` (
  `id` int(10) unsigned NOT NULL AUTO_INCREMENT,
  `created` datetime NOT NULL,
  `modified` datetime NOT NULL,
  `vzp_code` varchar(20) COLLATE utf8_czech_ci DEFAULT NULL,
  `group_code` varchar(10) COLLATE utf8_czech_ci DEFAULT NULL,
  `name` varchar(255) COLLATE utf8_czech_ci NOT NULL,
  `unit_id` int(10) unsigned NOT NULL,
  `price` decimal(8,2) unsigned NOT NULL,
  `margin` decimal(5,2) unsigned NOT NULL,
  `active` tinyint(1) NOT NULL,
  PRIMARY KEY (`id`)
) ENGINE=InnoDB DEFAULT CHARSET=utf8 COLLATE=utf8_czech_ci;

INSERT INTO `products` (`id`, `created`, `modified`, `vzp_code`, `group_code`, `name`, `unit_id`, `price`, `margin`, `active`) VALUES
(10,	'2013-06-18 10:56:49',	'2013-06-18 10:56:49',	'123456',	'987',	'aspirin',	3,	50.00,	0.00,	1),
(11,	'2013-06-18 10:57:15',	'2013-06-18 10:57:15',	'a12345',	'987',	'brufen',	3,	40.00,	0.00,	1),
(12,	'2013-06-18 10:57:34',	'2013-06-18 10:57:34',	'asd456',	'123',	'inzulinove tablety',	3,	600.00,	0.00,	1),
(13,	'2013-06-18 10:58:06',	'2013-07-05 10:25:41',	'',	'123',	'boty pro diabetiky',	4,	1600.00,	2.50,	1),
(14,	'2013-06-18 10:59:03',	'2013-06-18 10:59:03',	'01134',	'X',	'glukometr',	2,	5000.00,	0.00,	1),
(15,	'2013-06-27 21:06:13',	'2013-07-07 09:47:51',	'134502',	'HVLP',	'Elicea tbl.28x10mg',	3,	201.00,	37.00,	1),
(16,	'2013-06-27 21:08:03',	'2013-07-07 09:19:51',	'135002',	'HVLP',	'Elicea tbl.28x5mg',	3,	151.00,	37.00,	1),
(17,	'2013-06-27 21:09:56',	'2013-07-07 09:22:23',	'31866',	'HVLP',	'Asentra tbl.28x50mg',	3,	201.00,	37.00,	1),
(18,	'2013-06-27 21:11:58',	'2013-07-07 09:20:35',	'157141',	'HVLP',	'Zulbex tbl.56x20mg',	3,	354.00,	33.00,	1),
(19,	'2013-06-27 21:32:43',	'2013-07-07 09:21:30',	'24986',	'HVLP',	'Olwexya tbl.28x150mg',	3,	173.00,	37.00,	1),
(20,	'2013-06-27 21:35:13',	'2013-07-07 09:21:20',	'24973',	'HVLP',	'Olwexya tbl.28x75mg',	3,	130.00,	37.00,	1),
(21,	'2013-06-27 21:38:56',	'2013-07-07 09:48:04',	'134507',	'HVLP',	'Elicea tbl.90x10mg',	3,	697.00,	20.00,	1),
(22,	'2013-07-07 09:12:15',	'2013-07-07 09:47:38',	'0120796',	'HVLP',	'Apo-Perindo tbl.100x4mg',	3,	337.00,	33.00,	1),
(23,	'2013-07-07 09:14:35',	'2013-07-07 09:14:35',	'147065',	'HVLP',	'Apo-Atorvastatin tbl.100x10mg',	3,	398.00,	33.00,	1),
(24,	'2013-07-07 09:15:47',	'2013-07-07 09:15:47',	'147075',	'HVLP',	'Apo-Atorvastatin tbl.100x20mg',	3,	796.00,	20.00,	1),
(25,	'2013-07-07 09:17:15',	'2013-07-07 09:17:15',	'159115',	'HVLP',	'Apo-Rosuvastatin tbl.100x10mg',	3,	796.00,	20.00,	1),
(26,	'2013-07-07 09:50:30',	'2013-07-07 09:50:55',	'198719',	'HVLP',	'Roxilip tbl.98x10mg',	3,	780.00,	20.00,	1),
(27,	'2013-07-07 09:52:19',	'2013-07-07 09:52:19',	'198725',	'HVLP',	'Roxilip tbl.98x20mg',	3,	1200.00,	20.00,	1),
(28,	'2013-07-07 09:53:59',	'2013-07-07 09:53:59',	'184333',	'HVLP',	'Zanacodar tbl.90x80mg',	3,	431.00,	33.00,	1),
(29,	'2013-07-07 10:02:04',	'2013-07-07 10:02:04',	'167676',	'HVLP',	'Tolura tbl.84x80mg',	3,	402.00,	33.00,	1),
(30,	'2013-07-07 10:03:21',	'2013-07-07 10:03:21',	'167673',	'HVLP',	'Tolura tbl.28x80mg',	3,	134.00,	37.00,	1),
(31,	'2013-07-07 10:07:52',	'2013-07-07 10:07:52',	'25366',	'HVLP',	'Helicid 20 cps.90x20mg',	3,	314.00,	33.00,	1),
(32,	'2013-07-07 10:09:10',	'2013-07-07 12:57:13',	'17431',	'HVLP',	'Citalec tbl.30x20mg',	3,	216.00,	33.00,	1),
(33,	'2013-07-07 10:10:26',	'2013-07-07 10:10:26',	'184408',	'HVLP',	'Sorvasta tbl.28x10mg',	3,	222.00,	37.00,	1),
(34,	'2013-07-07 10:11:39',	'2013-07-07 10:11:39',	'125375',	'HVLP',	'Afiten tbl.100x10mg',	3,	268.00,	33.00,	1),
(35,	'2013-07-07 10:29:05',	'2013-07-07 10:29:05',	'50311',	'HVLP',	'Tulip tbl.90x10mg',	3,	358.00,	33.00,	1),
(36,	'2013-07-07 10:30:21',	'2013-07-07 12:55:59',	'50318',	'HVLP',	'Tulip tbl.90x20mg',	3,	716.00,	24.00,	1),
(37,	'2013-07-07 10:35:14',	'2013-07-07 10:35:14',	'169252',	'HVLP',	'Trombex tbl.90x75mg',	3,	1492.00,	17.00,	1),
(38,	'2013-07-07 10:37:17',	'2013-07-07 10:37:17',	'56844',	'HVLP',	'Tramal Retard tbl.30x150mg',	3,	147.00,	37.00,	1),
(39,	'2013-07-07 10:38:38',	'2013-07-07 10:38:38',	'6200',	'HVLP',	'Tramal 50 inj.5x1ml/50mg ',	3,	26.00,	0.00,	1),
(40,	'2013-07-07 11:21:32',	'2013-07-07 11:21:32',	'50309',	'HVLP',	'Tulip tbl.30x10mg',	3,	119.00,	37.00,	1),
(41,	'2013-07-07 11:22:35',	'2013-07-07 11:22:35',	'50316',	'HVLP',	'Tulip tbl.30x20mg',	3,	238.00,	33.00,	1),
(42,	'2013-07-07 11:23:36',	'2013-07-07 11:23:36',	'148306',	'HVLP',	'Tulip tbl.30x40mg',	3,	367.00,	33.00,	1),
(43,	'2013-07-07 11:24:35',	'2013-07-07 12:55:07',	'148309',	'HVLP',	'Tulip tbl.90x40mg',	3,	1102.00,	20.00,	1),
(44,	'2013-07-07 11:26:59',	'2013-07-07 11:26:59',	'145558',	'HVLP',	'Rosumop tbl.100x10mg',	3,	796.00,	20.00,	1),
(45,	'2013-07-07 11:28:24',	'2013-07-07 11:28:24',	'145551',	'HVLP',	'Rosumop tbl.30x10mg',	3,	238.00,	33.00,	1),
(46,	'2013-07-07 11:29:23',	'2013-07-07 12:54:09',	'145574',	'HVLP',	'Rosumop tbl.100x20mg',	3,	1224.00,	20.00,	1),
(47,	'2013-07-07 11:30:14',	'2013-07-07 11:30:14',	'145567',	'HVLP',	'Rosumop tbl.30x20mg',	3,	349.00,	33.00,	1),
(48,	'2013-07-07 11:35:42',	'2013-07-07 11:35:42',	'178576',	'HVLP',	'Piramil Combi 5mg/5mg cps.30 ',	3,	153.00,	37.00,	1),
(49,	'2013-07-07 11:36:53',	'2013-07-07 11:36:53',	'178578',	'HVLP',	'Piramil Combi 5mg/5mg cps.100',	3,	502.00,	24.00,	1),
(50,	'2013-07-07 11:38:19',	'2013-07-07 11:38:19',	'178584',	'HVLP',	'Piramil Combi 5mg/10mg cps.30',	3,	173.00,	37.00,	1),
(51,	'2013-07-07 11:39:18',	'2013-07-07 11:39:18',	'178586',	'HVLP',	'Piramil Combi 5mg/10mg cps.100',	3,	560.00,	24.00,	1),
(52,	'2013-07-07 11:40:47',	'2013-07-07 11:40:47',	'178580',	'HVLP',	'Piramil Combi 10mg/5mg cps.30',	3,	185.00,	37.00,	1),
(53,	'2013-07-07 11:41:45',	'2013-07-07 11:41:45',	'178582',	'HVLP',	'Piramil Combi 10mg/5mg cps.100',	3,	598.00,	24.00,	1),
(54,	'2013-07-07 11:43:26',	'2013-07-07 11:43:26',	'178588',	'HVLP',	'Piramil Combi 10mg/10mg cps.30',	3,	205.00,	37.00,	1),
(55,	'2013-07-07 11:44:29',	'2013-07-07 11:44:29',	'178590',	'HVLP',	'Piramil Combi 10mg/10mg cps.100',	3,	656.00,	24.00,	1),
(56,	'2013-07-09 08:38:49',	'2013-07-09 08:38:49',	'155686',	'HVLP',	'Zyrtec tbl.90x10mg',	3,	413.00,	33.00,	1),
(57,	'2013-07-09 09:12:03',	'2013-07-09 09:12:03',	'151193',	'HVLP',	'Suprelip cps.100x200mg',	3,	465.00,	33.00,	1),
(58,	'2013-07-09 09:13:19',	'2013-07-09 09:13:19',	'49009',	'HVLP',	'Atoris tbl.90x20mg',	3,	716.00,	24.00,	1),
(59,	'2013-07-09 21:23:17',	'2013-07-09 21:23:31',	'184397',	'HVLP',	'Sorvasta tbl.28x15mg',	3,	286.00,	33.00,	1),
(60,	'2013-07-09 21:32:12',	'2013-07-09 21:32:12',	'166470',	'HVLP',	'Atoris tbl.30x30mg',	3,	307.00,	33.00,	1),
(61,	'2013-07-09 21:46:32',	'2013-07-09 21:46:32',	'109415',	'HVLP',	'Nolpaza tbl.84x40mg',	3,	494.00,	24.00,	1),
(62,	'2013-07-09 21:48:05',	'2013-07-09 21:48:05',	'184452',	'HVLP',	'Sorvasta tbl.28x20mg',	3,	342.00,	33.00,	1),
(63,	'2013-07-09 21:49:34',	'2013-07-09 21:49:34',	'142164',	'HVLP',	'Azibiot tbl.3x500mg',	3,	135.00,	30.00,	1),
(64,	'2013-07-09 21:51:19',	'2013-07-09 21:51:19',	'500892',	'HVLP',	'IFIRMASTA tbl.28x300mg',	3,	134.00,	35.00,	1),
(65,	'2013-07-10 21:13:30',	'2013-07-10 21:13:30',	'31867',	'HVLP',	'Asentra tbl.28x100mg',	3,	268.00,	33.00,	1),
(66,	'2013-07-10 21:16:09',	'2013-07-10 21:16:09',	'127778',	'HVLP',	'Mirzaten Oro tbl.30x30mg',	3,	185.00,	26.00,	1),
(67,	'2013-07-10 21:18:00',	'2013-07-10 21:18:00',	'29617',	'HVLP',	'Zalasta tbl.dis.28x10mg',	3,	977.00,	20.00,	1),
(68,	'2013-07-10 21:19:14',	'2013-07-10 21:19:36',	'29607',	'HVLP',	'Zalasta tbl.dis.28x5mg',	3,	732.00,	24.00,	1),
(69,	'2013-07-10 21:21:46',	'2013-07-10 21:21:46',	'111855',	'HVLP',	'Kventiax tbl.30x200mg',	3,	205.00,	37.00,	1),
(70,	'2013-07-10 21:23:31',	'2013-07-10 21:23:31',	'161204',	'HVLP',	'Donepezil tbl.dis. 28x10mg',	3,	1142.00,	20.00,	1),
(71,	'2013-07-10 22:02:42',	'2013-07-10 22:02:42',	'124343',	'HVLP',	'Cezera tbl.30x5mg',	3,	137.00,	37.00,	1),
(72,	'2013-07-10 22:04:23',	'2013-07-10 22:04:23',	'53283',	'HVLP',	'Fromilid tbl.14x500mg',	3,	399.00,	33.00,	1),
(73,	'2013-07-10 22:06:38',	'2013-07-10 22:06:38',	'58491',	'HVLP',	'Fromilid gra.susp.1x60ml',	3,	152.00,	35.00,	1),
(74,	'2013-07-10 22:08:17',	'2013-07-10 22:08:17',	'23315',	'HVLP',	'Fromilid Uno tbl.14x500mg',	3,	399.00,	33.00,	1),
(75,	'2013-07-10 22:09:38',	'2013-07-10 22:09:38',	'23314',	'HVLP',	'Fromilid Uno tbl.7x500mg',	3,	199.00,	35.00,	1),
(76,	'2013-07-10 22:11:27',	'2013-07-10 22:11:27',	'51822',	'HVLP',	'Tanyz cps.90x0.4mg',	3,	763.00,	20.00,	1),
(77,	'2013-07-10 22:14:08',	'2013-07-10 22:14:08',	'168834',	'HVLP',	'Dasselta tbl.10x5mg',	3,	45.00,	37.00,	1),
(78,	'2013-07-10 22:15:49',	'2013-07-10 22:15:49',	'168836',	'HVLP',	'Dasselta tbl.30x5mg',	3,	137.00,	37.00,	1),
(79,	'2013-07-10 22:18:57',	'2013-07-10 22:18:57',	'138841',	'HVLP',	'Doreta 37.5mg/325mg.tbl.30',	3,	60.00,	12.00,	1),
(80,	'2013-07-10 22:20:26',	'2013-07-10 22:20:26',	'179327',	'HVLP',	'Doreta 75mg/650mg.tbl.30',	3,	143.00,	12.00,	1),
(81,	'2013-07-10 22:41:25',	'2013-07-10 22:41:25',	'124346',	'HVLP',	'Cezera tbl.90x5mg',	3,	413.00,	33.00,	1),
(82,	'2013-07-11 09:21:55',	'2013-07-11 09:21:55',	'125121',	'HVLP',	'Apo-Diclo SR tbl30x100mg',	3,	106.00,	35.00,	1),
(83,	'2013-07-11 09:23:01',	'2013-07-11 09:25:01',	'176710',	'HVLP',	'Melovis tbl.30x15mg',	3,	193.00,	35.00,	1),
(84,	'2013-07-11 13:00:19',	'2013-07-11 13:00:19',	'143535',	'HVLP',	'Clopidogrel Actavis tbl.28x75mg ',	3,	73.00,	37.00,	1),
(85,	'2013-07-14 10:38:44',	'2013-07-14 10:38:44',	'125365',	'HVLP',	'Afiten tbl.100x5mg',	3,	201.00,	35.00,	1),
(86,	'2013-07-14 10:40:58',	'2013-07-14 10:40:58',	'131758',	'HVLP',	'Medoram tbl.30x10mg',	3,	135.00,	35.00,	1),
(87,	'2013-07-14 10:44:01',	'2013-07-14 10:44:01',	'131751',	'HVLP',	'Medoram tbl.100x5mg',	3,	329.00,	33.00,	1),
(88,	'2013-07-14 10:46:04',	'2013-07-14 10:46:04',	'152959',	'HVLP',	'Tezeo tbl.90x80mg',	3,	404.00,	33.00,	1),
(89,	'2013-07-14 10:48:18',	'2013-07-14 10:48:18',	'158011',	'HVLP',	'Isame tbl.100x150mg',	3,	359.00,	33.00,	1),
(90,	'2013-07-14 10:49:14',	'2013-07-14 10:49:14',	'158016',	'HVLP',	'Isame tbl.100x300mg',	3,	479.00,	24.00,	1),
(91,	'2013-07-14 10:50:45',	'2013-07-14 10:50:45',	'147929',	'HVLP',	'Emanera cps.30x40mg',	3,	176.00,	35.00,	1),
(92,	'2013-07-14 10:52:07',	'2013-07-14 10:52:07',	'175280',	'HVLP',	'Canocord tbl.28x16mg',	3,	134.00,	35.00,	1),
(93,	'2013-07-14 10:53:42',	'2013-07-14 10:53:42',	'148070',	'HVLP',	'Rosucard tbl.90x10mg',	3,	716.00,	24.00,	1),
(94,	'2013-07-14 10:54:54',	'2013-07-14 10:54:54',	'49006',	'HVLP',	'Atoris tbl.90x10mg',	3,	358.00,	33.00,	1),
(95,	'2013-07-14 10:56:27',	'2013-07-14 10:56:27',	'17121',	'HVLP',	'Lanzul cps.28x30mg',	3,	190.00,	35.00,	1),
(96,	'2013-07-14 10:58:18',	'2013-07-14 10:58:18',	'163439',	'HVLP',	'Pharmtina tbl.100x20mg',	3,	796.00,	20.00,	1),
(97,	'2013-07-14 11:01:21',	'2013-07-14 11:01:21',	'59673',	'HVLP',	'Tralgit SR tbl.50x100mg',	3,	163.00,	25.00,	1),
(98,	'2013-07-14 11:04:19',	'2013-07-14 11:04:19',	'187793',	'HVLP',	'Tonarssa 4mg/5mg tbl.90',	3,	333.00,	31.00,	1),
(99,	'2013-07-14 11:06:22',	'2013-07-14 11:06:22',	'158993',	'HVLP',	'Cancombino 16mg/12.5mg tbl.28',	3,	131.00,	35.00,	1),
(100,	'2013-07-14 11:07:47',	'2013-07-14 11:07:47',	'171547',	'HVLP',	'Carzap tbl.28x16mg',	3,	134.00,	35.00,	1),
(101,	'2013-07-14 11:12:55',	'2013-07-14 11:12:55',	'17433',	'HVLP',	'Citalec tbl.60x20mg',	3,	432.00,	31.00,	1),
(102,	'2013-07-22 14:14:59',	'2013-07-22 14:14:59',	'119688',	'HVLP',	'Controloc tbl.100x40mg',	3,	630.00,	24.00,	1),
(103,	'2013-07-22 14:16:05',	'2013-07-22 14:16:05',	'168373',	'HVLP',	'Pradaxa cps.60x1x150mg',	3,	2118.00,	10.00,	1),
(104,	'2013-07-22 21:13:03',	'2013-07-22 21:13:03',	'110550',	'HVLP',	'Absenor tbl.100x500mg',	3,	453.00,	33.00,	1),
(105,	'2013-07-22 21:15:12',	'2013-07-22 21:15:12',	'106779',	'HVLP',	'Citalopram Orion tbl.28x20mg',	3,	201.00,	35.00,	1),
(106,	'2013-07-22 21:17:13',	'2013-07-22 21:17:13',	'160239',	'HVLP',	'Escitalopram Orion tbl.28x10mg',	3,	216.00,	35.00,	1),
(107,	'2013-07-22 21:19:34',	'2013-07-22 21:19:34',	'100962',	'HVLP',	'Lamotrigin Orion tbl.dis.30x100mg',	3,	173.00,	14.00,	1),
(108,	'2013-07-22 21:21:54',	'2013-07-22 21:21:54',	'175770',	'HVLP',	'Levetiracetam Orion tbl.100x500mg',	3,	3375.00,	17.00,	1),
(109,	'2013-07-22 21:23:03',	'2013-07-22 21:23:03',	'105844',	'HVLP',	'Mirtazapin Orion tbl.dis.30x15mg',	3,	139.00,	35.00,	1),
(110,	'2013-07-22 21:24:46',	'2013-07-22 21:24:46',	'105845',	'HVLP',	'Mirtazapin Orion tbl.dis.90x15mg',	3,	418.00,	33.00,	1),
(111,	'2013-07-22 21:26:09',	'2013-07-22 21:26:09',	'105846',	'HVLP',	'Mirtazapin Orion tbl.dis.30x30mg',	3,	185.00,	35.00,	1),
(112,	'2013-07-22 21:27:36',	'2013-07-22 21:27:36',	'105847',	'HVLP',	'Mirtazapin Orion tbl.dis.90x30mg',	3,	557.00,	24.00,	1),
(113,	'2013-07-22 21:28:47',	'2013-07-22 21:28:47',	'105848',	'HVLP',	'Mirtazapin Orion tbl.dis.30x45mg',	3,	220.00,	35.00,	1),
(114,	'2013-07-22 21:30:12',	'2013-07-22 21:30:12',	'124562',	'HVLP',	'Risperidon Orion por.sol.1x30ml/30mg',	3,	132.00,	20.00,	1),
(115,	'2013-07-22 21:31:15',	'2013-07-22 21:31:15',	'156905',	'HVLP',	'Risperidon Orion tbl.20x1mg',	3,	88.00,	35.00,	1),
(116,	'2013-07-22 21:33:08',	'2013-07-22 21:33:08',	'156906',	'HVLP',	'Risperidon Orion tbl.60x1mg',	3,	264.00,	35.00,	1),
(117,	'2013-07-22 21:37:34',	'2013-07-22 21:37:34',	'156907',	'HVLP',	'Risperidon Orion tbl.60x2mg',	3,	353.00,	33.00,	1),
(118,	'2013-07-22 21:38:57',	'2013-07-22 21:39:34',	'156908',	'HVLP',	'Risperidon Orion tbl.60x3mg',	3,	529.00,	24.00,	1),
(119,	'2013-07-22 21:42:51',	'2013-07-22 21:42:51',	'',	'HVLP',	'Sertralin Orion 100x100mg',	3,	900.00,	24.00,	1),
(120,	'2013-07-22 21:44:23',	'2013-07-22 21:44:23',	'141288',	'HVLP',	'Sertralin Orion tbl.30x100mg',	3,	287.00,	33.00,	1),
(121,	'2013-07-22 21:46:22',	'2013-07-22 21:46:22',	'141285',	'HVLP',	'Sertralin Orion tbl.100x50mg',	3,	719.00,	24.00,	1),
(122,	'2013-07-22 21:48:04',	'2013-07-22 21:48:04',	'141284',	'HVLP',	'Sertralin Orion tbl.30x50mg',	3,	215.00,	35.00,	1),
(123,	'2013-07-22 21:49:26',	'2013-07-22 21:49:26',	'129141',	'HVLP',	'Topiramat Orion tbl.60x100mg',	3,	903.00,	20.00,	1),
(124,	'2013-07-23 16:03:21',	'2013-07-23 16:03:21',	'145802',	'HVLP',	'Amedo tbl.100x20mg',	3,	796.00,	20.00,	1),
(125,	'2013-07-23 16:11:45',	'2013-07-23 16:11:45',	'104503',	'HVLP',	'Mabron Retard tbl.60x200mg',	3,	332.00,	25.00,	1),
(126,	'2013-07-23 16:13:22',	'2013-07-23 16:13:22',	'54423',	'HVLP',	'Magrilan cps.30x20mg',	3,	216.00,	35.00,	1),
(127,	'2013-07-23 21:54:17',	'2013-07-23 21:54:17',	'145792',	'HVLP',	'Amedo tbl.100x10mg',	3,	398.00,	33.00,	1),
(128,	'2013-07-23 21:56:22',	'2013-07-23 21:56:22',	'131747',	'HVLP',	'Medoram tbl.30x5mg',	3,	99.00,	35.00,	1),
(129,	'2013-07-23 21:58:27',	'2013-07-23 21:58:27',	'143737',	'HVLP',	'Dospelin tbl.28x5mg',	3,	552.00,	24.00,	1),
(130,	'2013-07-23 21:59:19',	'2013-07-23 21:59:19',	'143741',	'HVLP',	'Dospelin tbl.28x10mg',	3,	737.00,	24.00,	1),
(131,	'2013-07-23 22:01:03',	'2013-07-23 22:01:03',	'124835',	'HVLP',	'Lamotrix tbl.30x50mg',	3,	130.00,	35.00,	1),
(132,	'2013-07-23 22:03:07',	'2013-07-23 22:03:07',	'115572',	'HVLP',	'Medoram Plus H 2.5/12.5mg tbl.30',	3,	101.00,	35.00,	1),
(133,	'2013-07-24 13:50:04',	'2013-07-24 13:50:04',	'177913',	'HVLP',	'Angizidine tbl.60x35mg',	3,	157.00,	35.00,	1),
(134,	'2013-07-24 13:51:11',	'2013-07-24 13:51:11',	'',	'HVLP',	'Adipex Retard cps.100x15mg',	3,	850.00,	20.00,	1),
(135,	'2013-07-29 11:08:12',	'2013-07-29 11:08:12',	'140942',	'HVLP',	'Normaglyc tbl.90x500mg',	3,	129.00,	35.00,	1),
(136,	'2013-07-29 11:09:09',	'2013-07-29 11:09:09',	'178515',	'HVLP',	'Medracet 37.5mg/325mg tbl.30',	3,	60.00,	12.00,	1),
(137,	'2013-07-29 11:26:02',	'2013-07-29 11:26:02',	'168904',	'HVLP',	'Xarelto tbl.98x20mg',	3,	6668.00,	14.00,	1),
(138,	'2013-08-02 16:03:07',	'2013-08-02 16:03:07',	'199420',	'HVLP',	'Zypsilan cps.30x40mg',	3,	1710.00,	17.00,	1),
(139,	'2013-08-18 23:34:44',	'2013-08-18 23:34:44',	'187801',	'HVLP',	'Tonarssa 4mg/10mg tbl.90',	3,	486.00,	15.00,	1),
(140,	'2013-08-18 23:36:07',	'2013-08-18 23:36:07',	'187593',	'HVLP',	'Amlessa 4mg/10mg tbl.90',	3,	486.00,	25.00,	1),
(141,	'2013-08-20 12:06:06',	'2013-08-20 12:06:06',	'155873',	'HVLP',	'Trental tbl.100x400mg',	3,	169.00,	5.00,	1),
(142,	'2013-08-26 13:55:09',	'2013-08-26 13:55:09',	'125641',	'HVLP',	'Tenaxum tbl.90x1mg',	3,	391.00,	5.00,	1),
(143,	'2013-08-29 10:38:14',	'2013-08-29 10:38:31',	'0014075',	'',	'Detralex tbl 60',	3,	350.20,	33.00,	1);

DROP TABLE IF EXISTS `products_transactions`;
CREATE TABLE `products_transactions` (
  `id` int(10) unsigned NOT NULL AUTO_INCREMENT,
  `created` datetime NOT NULL,
  `modified` datetime NOT NULL,
  `product_id` int(10) unsigned NOT NULL,
  `transaction_id` int(10) unsigned NOT NULL,
  `quantity` int(10) NOT NULL,
  `unit_price` decimal(8,2) unsigned NOT NULL,
  `product_margin` decimal(5,2) unsigned NOT NULL,
  PRIMARY KEY (`id`)
) ENGINE=InnoDB DEFAULT CHARSET=utf8 COLLATE=utf8_czech_ci;

INSERT INTO `products_transactions` (`id`, `created`, `modified`, `product_id`, `transaction_id`, `quantity`, `unit_price`, `product_margin`) VALUES
(768,	'2013-07-06 14:46:46',	'2013-07-06 14:46:46',	13,	380,	1,	1600.00,	2.50),
(769,	'2013-07-07 09:25:33',	'2013-07-07 09:25:33',	22,	381,	10,	337.00,	33.00),
(770,	'2013-07-07 09:25:33',	'2013-07-07 09:25:33',	23,	381,	6,	398.00,	33.00),
(771,	'2013-07-07 09:25:33',	'2013-07-07 09:25:33',	24,	381,	6,	796.00,	20.00),
(772,	'2013-07-07 09:25:33',	'2013-07-07 09:25:33',	25,	381,	4,	796.00,	20.00),
(773,	'2013-07-07 09:55:22',	'2013-07-07 12:48:13',	26,	382,	10,	780.00,	20.00),
(774,	'2013-07-07 09:55:22',	'2013-07-07 12:48:13',	27,	382,	10,	1200.00,	20.00),
(775,	'2013-07-07 09:55:23',	'2013-07-07 12:48:13',	28,	382,	10,	431.00,	33.00),
(776,	'2013-07-07 10:03:51',	'2013-07-10 13:55:28',	29,	383,	10,	402.00,	33.00),
(777,	'2013-07-07 10:03:52',	'2013-07-10 13:55:28',	30,	383,	10,	134.00,	37.00),
(782,	'2013-07-07 10:32:22',	'2013-07-07 11:50:54',	35,	385,	10,	358.00,	33.00),
(783,	'2013-07-07 10:32:22',	'2013-07-07 11:50:55',	36,	385,	10,	716.00,	24.00),
(784,	'2013-07-07 10:40:11',	'2013-07-07 11:50:59',	37,	386,	1,	1492.00,	17.00),
(785,	'2013-07-07 10:40:11',	'2013-07-07 11:50:59',	38,	386,	1,	147.00,	37.00),
(786,	'2013-07-07 10:40:11',	'2013-07-07 11:50:59',	39,	386,	1,	26.00,	0.00),
(787,	'2013-07-07 11:45:48',	'2013-07-07 11:45:48',	40,	387,	3,	119.00,	37.00),
(788,	'2013-07-07 11:45:48',	'2013-07-07 11:45:48',	35,	387,	10,	358.00,	33.00),
(789,	'2013-07-07 11:45:48',	'2013-07-07 11:45:48',	41,	387,	3,	238.00,	33.00),
(790,	'2013-07-07 11:45:48',	'2013-07-07 11:45:48',	36,	387,	10,	716.00,	24.00),
(791,	'2013-07-07 11:45:48',	'2013-07-07 11:45:48',	42,	387,	3,	367.00,	33.00),
(792,	'2013-07-07 11:45:48',	'2013-07-07 11:45:48',	43,	387,	3,	1102.00,	20.00),
(793,	'2013-07-07 11:45:48',	'2013-07-07 11:45:48',	45,	387,	3,	238.00,	33.00),
(794,	'2013-07-07 11:45:49',	'2013-07-07 11:45:49',	44,	387,	10,	796.00,	20.00),
(795,	'2013-07-07 11:45:49',	'2013-07-07 11:45:49',	47,	387,	3,	349.00,	33.00),
(796,	'2013-07-07 11:45:49',	'2013-07-07 11:45:49',	46,	387,	10,	1224.00,	20.00),
(797,	'2013-07-07 11:45:49',	'2013-07-07 11:45:49',	48,	387,	3,	153.00,	37.00),
(798,	'2013-07-07 11:45:49',	'2013-07-07 11:45:49',	49,	387,	3,	502.00,	24.00),
(799,	'2013-07-07 11:45:49',	'2013-07-07 11:45:49',	50,	387,	3,	173.00,	37.00),
(800,	'2013-07-07 11:45:49',	'2013-07-07 11:45:49',	51,	387,	3,	560.00,	24.00),
(801,	'2013-07-07 11:45:49',	'2013-07-07 11:45:49',	52,	387,	3,	185.00,	37.00),
(802,	'2013-07-07 11:45:49',	'2013-07-07 11:45:49',	53,	387,	3,	598.00,	24.00),
(803,	'2013-07-07 11:45:49',	'2013-07-07 11:45:49',	54,	387,	3,	205.00,	37.00),
(804,	'2013-07-07 11:45:49',	'2013-07-07 11:45:49',	55,	387,	3,	656.00,	24.00),
(805,	'2013-07-07 11:50:54',	'2013-07-07 11:50:54',	35,	388,	-10,	358.00,	33.00),
(806,	'2013-07-07 11:50:54',	'2013-07-07 11:50:54',	41,	388,	-1,	238.00,	33.00),
(807,	'2013-07-07 11:50:54',	'2013-07-07 11:50:54',	36,	388,	-9,	716.00,	24.00),
(808,	'2013-07-07 12:48:13',	'2013-07-07 12:48:13',	35,	389,	-6,	358.00,	33.00),
(809,	'2013-07-07 12:48:13',	'2013-07-07 12:48:13',	36,	389,	-2,	716.00,	24.00),
(810,	'2013-07-07 12:48:13',	'2013-07-07 12:48:13',	44,	389,	-2,	796.00,	20.00),
(811,	'2013-07-07 12:52:55',	'2013-07-07 12:52:55',	35,	390,	-3,	358.00,	33.00),
(812,	'2013-07-07 12:52:55',	'2013-07-07 12:52:55',	36,	390,	-3,	716.00,	24.00),
(813,	'2013-07-07 12:52:55',	'2013-07-07 12:52:55',	46,	390,	-1,	1224.00,	20.00),
(814,	'2013-07-07 12:52:55',	'2013-07-07 12:52:55',	47,	390,	-2,	349.00,	33.00),
(815,	'2013-07-09 09:14:32',	'2013-07-09 11:50:43',	56,	391,	7,	413.00,	33.00),
(816,	'2013-07-09 09:14:32',	'2013-07-09 11:50:43',	31,	391,	10,	314.00,	33.00),
(817,	'2013-07-09 09:14:32',	'2013-07-09 11:50:43',	57,	391,	10,	465.00,	33.00),
(818,	'2013-07-09 09:14:32',	'2013-07-09 11:50:43',	58,	391,	10,	716.00,	24.00),
(819,	'2013-07-09 11:48:46',	'2013-07-09 11:48:46',	31,	392,	4,	314.00,	33.00),
(820,	'2013-07-09 11:48:46',	'2013-07-09 11:48:46',	56,	392,	2,	413.00,	33.00),
(821,	'2013-07-09 11:48:47',	'2013-07-09 11:48:47',	57,	392,	5,	465.00,	33.00),
(822,	'2013-07-09 11:50:43',	'2013-07-09 11:50:43',	31,	393,	-4,	314.00,	33.00),
(823,	'2013-07-09 11:50:43',	'2013-07-09 11:50:43',	56,	393,	-2,	413.00,	33.00),
(824,	'2013-07-09 11:50:43',	'2013-07-09 11:50:43',	57,	393,	-5,	465.00,	33.00),
(825,	'2013-07-09 15:57:50',	'2013-07-09 15:57:50',	46,	394,	-3,	1224.00,	20.00),
(826,	'2013-07-09 15:57:50',	'2013-07-09 15:57:50',	44,	394,	-1,	796.00,	20.00),
(827,	'2013-07-09 15:57:50',	'2013-07-09 15:57:50',	35,	394,	-1,	358.00,	33.00),
(828,	'2013-07-09 15:57:50',	'2013-07-09 15:57:50',	36,	394,	-2,	716.00,	24.00),
(831,	'2013-07-09 21:33:18',	'2013-07-09 21:33:18',	60,	396,	90,	307.00,	33.00),
(832,	'2013-07-09 21:34:52',	'2013-07-09 21:34:52',	33,	395,	55,	222.00,	37.00),
(833,	'2013-07-09 21:34:52',	'2013-07-09 21:34:52',	59,	395,	15,	286.00,	33.00),
(834,	'2013-07-09 21:54:18',	'2013-07-09 21:54:18',	29,	397,	175,	402.00,	33.00),
(835,	'2013-07-09 21:54:18',	'2013-07-09 21:54:18',	61,	397,	60,	494.00,	24.00),
(836,	'2013-07-09 21:54:18',	'2013-07-09 21:54:18',	62,	397,	90,	342.00,	33.00),
(837,	'2013-07-09 21:57:42',	'2013-07-09 22:12:24',	63,	398,	30,	135.00,	30.00),
(838,	'2013-07-09 21:57:42',	'2013-07-09 22:12:24',	29,	398,	15,	402.00,	33.00),
(839,	'2013-07-09 21:57:42',	'2013-07-09 22:12:24',	59,	398,	15,	286.00,	33.00),
(840,	'2013-07-09 22:00:22',	'2013-07-09 22:13:54',	33,	399,	90,	222.00,	37.00),
(841,	'2013-07-09 22:00:22',	'2013-07-09 22:13:54',	29,	399,	10,	402.00,	33.00),
(846,	'2013-07-09 22:05:10',	'2013-07-10 13:55:19',	29,	401,	20,	402.00,	33.00),
(847,	'2013-07-09 22:06:43',	'2013-07-10 13:55:21',	33,	402,	33,	222.00,	37.00),
(848,	'2013-07-09 22:08:14',	'2013-07-10 13:55:23',	33,	403,	15,	222.00,	37.00),
(849,	'2013-07-09 22:10:00',	'2013-07-10 13:55:26',	62,	404,	30,	342.00,	33.00),
(850,	'2013-07-09 22:12:24',	'2013-07-09 22:12:24',	61,	405,	-4,	494.00,	24.00),
(851,	'2013-07-09 22:12:24',	'2013-07-09 22:12:24',	62,	405,	-6,	342.00,	33.00),
(852,	'2013-07-09 22:13:54',	'2013-07-09 22:13:54',	29,	406,	-13,	402.00,	33.00),
(853,	'2013-07-09 22:13:54',	'2013-07-09 22:13:54',	62,	406,	-15,	342.00,	33.00),
(854,	'2013-07-09 22:14:53',	'2013-07-09 22:14:53',	29,	407,	-2,	402.00,	33.00),
(855,	'2013-07-09 22:16:11',	'2013-07-09 22:16:11',	29,	408,	-7,	402.00,	33.00),
(856,	'2013-07-09 22:18:16',	'2013-07-10 13:55:21',	29,	409,	-15,	402.00,	33.00),
(857,	'2013-07-09 22:18:16',	'2013-07-10 13:55:21',	62,	409,	-24,	342.00,	33.00),
(858,	'2013-07-09 22:18:16',	'2013-07-10 13:55:21',	59,	409,	-6,	286.00,	33.00),
(859,	'2013-07-09 22:20:32',	'2013-07-10 13:55:23',	29,	410,	-5,	402.00,	33.00),
(860,	'2013-07-09 22:20:32',	'2013-07-10 13:55:23',	62,	410,	-21,	342.00,	33.00),
(861,	'2013-07-09 22:20:32',	'2013-07-10 13:55:23',	63,	410,	-36,	135.00,	30.00),
(862,	'2013-07-09 22:20:32',	'2013-07-10 13:55:23',	33,	410,	-42,	222.00,	37.00),
(863,	'2013-07-09 22:22:34',	'2013-07-10 13:55:28',	29,	411,	-13,	402.00,	33.00),
(864,	'2013-07-09 22:22:34',	'2013-07-10 13:55:28',	63,	411,	-9,	135.00,	30.00),
(865,	'2013-07-09 22:22:34',	'2013-07-10 13:55:28',	59,	411,	-9,	286.00,	33.00),
(866,	'2013-07-10 10:23:41',	'2013-07-10 10:23:41',	35,	412,	10,	358.00,	33.00),
(867,	'2013-07-10 10:23:41',	'2013-07-10 10:23:41',	36,	412,	10,	716.00,	24.00),
(868,	'2013-07-10 13:55:14',	'2013-07-10 13:55:14',	29,	400,	10,	402.00,	33.00),
(869,	'2013-07-10 13:55:14',	'2013-07-10 13:55:14',	61,	400,	10,	494.00,	24.00),
(870,	'2013-07-10 13:55:14',	'2013-07-10 13:55:14',	62,	400,	60,	342.00,	33.00),
(871,	'2013-07-10 13:55:14',	'2013-07-10 13:55:14',	63,	400,	30,	135.00,	30.00),
(877,	'2013-07-10 14:01:55',	'2013-07-10 14:01:55',	33,	413,	-30,	222.00,	37.00),
(878,	'2013-07-10 14:01:55',	'2013-07-10 14:01:55',	62,	413,	-40,	342.00,	33.00),
(879,	'2013-07-10 14:01:55',	'2013-07-10 14:01:55',	29,	413,	-11,	402.00,	33.00),
(880,	'2013-07-10 14:01:55',	'2013-07-10 14:01:55',	63,	413,	-15,	135.00,	30.00),
(881,	'2013-07-10 14:01:55',	'2013-07-10 14:01:55',	61,	413,	-6,	494.00,	24.00),
(882,	'2013-07-10 21:03:38',	'2013-07-10 21:03:38',	15,	414,	30,	201.00,	37.00),
(883,	'2013-07-10 21:03:38',	'2013-07-10 21:03:38',	16,	414,	10,	151.00,	37.00),
(884,	'2013-07-10 21:03:38',	'2013-07-10 21:03:38',	17,	414,	40,	201.00,	37.00),
(885,	'2013-07-10 21:03:38',	'2013-07-10 21:03:38',	18,	414,	50,	354.00,	33.00),
(886,	'2013-07-10 21:06:12',	'2013-07-10 21:06:12',	15,	415,	20,	201.00,	37.00),
(887,	'2013-07-10 21:10:35',	'2013-07-10 21:10:35',	19,	416,	16,	173.00,	37.00),
(888,	'2013-07-10 21:10:35',	'2013-07-10 21:10:35',	20,	416,	16,	130.00,	37.00),
(889,	'2013-07-10 21:10:35',	'2013-07-10 21:10:35',	21,	416,	30,	697.00,	20.00),
(890,	'2013-07-10 21:10:35',	'2013-07-10 21:10:35',	17,	416,	60,	201.00,	37.00),
(891,	'2013-07-10 21:32:08',	'2013-07-10 21:40:09',	15,	417,	100,	201.00,	37.00),
(892,	'2013-07-10 21:32:08',	'2013-07-10 21:40:09',	21,	417,	50,	697.00,	20.00),
(893,	'2013-07-10 21:32:08',	'2013-07-10 21:40:09',	17,	417,	100,	201.00,	37.00),
(894,	'2013-07-10 21:32:08',	'2013-07-10 21:40:09',	65,	417,	30,	268.00,	33.00),
(895,	'2013-07-10 21:32:08',	'2013-07-10 21:40:09',	66,	417,	40,	185.00,	26.00),
(896,	'2013-07-10 21:32:09',	'2013-07-10 21:40:09',	19,	417,	40,	173.00,	37.00),
(897,	'2013-07-10 21:32:09',	'2013-07-10 21:40:09',	20,	417,	40,	130.00,	37.00),
(898,	'2013-07-10 21:32:09',	'2013-07-10 21:40:09',	67,	417,	80,	977.00,	20.00),
(899,	'2013-07-10 21:32:09',	'2013-07-10 21:40:09',	68,	417,	20,	732.00,	24.00),
(900,	'2013-07-10 21:32:09',	'2013-07-10 21:40:09',	69,	417,	60,	205.00,	37.00),
(901,	'2013-07-10 21:32:09',	'2013-07-10 21:40:09',	70,	417,	10,	1142.00,	20.00),
(902,	'2013-07-10 21:34:36',	'2013-07-10 21:34:36',	21,	418,	-4,	697.00,	20.00),
(903,	'2013-07-10 21:34:36',	'2013-07-10 21:34:36',	17,	418,	-17,	201.00,	37.00),
(904,	'2013-07-10 21:38:28',	'2013-07-10 21:38:28',	16,	419,	-6,	151.00,	37.00),
(905,	'2013-07-10 21:38:28',	'2013-07-10 21:38:28',	17,	419,	-10,	201.00,	37.00),
(906,	'2013-07-10 21:38:28',	'2013-07-10 21:38:28',	19,	419,	-7,	173.00,	37.00),
(907,	'2013-07-10 21:38:28',	'2013-07-10 21:38:28',	20,	419,	-5,	130.00,	37.00),
(908,	'2013-07-10 21:40:09',	'2013-07-10 21:40:09',	15,	420,	-4,	201.00,	37.00),
(909,	'2013-07-10 21:40:09',	'2013-07-10 21:40:09',	17,	420,	-5,	201.00,	37.00),
(910,	'2013-07-10 21:42:16',	'2013-07-10 21:42:16',	18,	421,	-2,	354.00,	33.00),
(911,	'2013-07-10 21:42:16',	'2013-07-10 21:42:16',	19,	421,	-8,	173.00,	37.00),
(912,	'2013-07-10 21:42:16',	'2013-07-10 21:42:16',	20,	421,	-11,	130.00,	37.00),
(913,	'2013-07-10 21:42:16',	'2013-07-10 21:42:16',	69,	421,	-25,	205.00,	37.00),
(914,	'2013-07-10 21:42:16',	'2013-07-10 21:42:16',	65,	421,	-11,	268.00,	33.00),
(915,	'2013-07-10 22:26:30',	'2013-07-10 22:26:30',	71,	422,	30,	137.00,	37.00),
(916,	'2013-07-10 22:26:30',	'2013-07-10 22:26:30',	72,	422,	10,	399.00,	33.00),
(917,	'2013-07-10 22:26:30',	'2013-07-10 22:26:30',	76,	422,	5,	763.00,	20.00),
(918,	'2013-07-10 22:26:30',	'2013-07-10 22:26:30',	77,	422,	20,	45.00,	37.00),
(919,	'2013-07-10 22:27:30',	'2013-07-10 22:27:30',	78,	423,	10,	137.00,	37.00),
(920,	'2013-07-10 22:31:10',	'2013-07-10 22:31:10',	79,	424,	20,	60.00,	12.00),
(921,	'2013-07-10 22:31:10',	'2013-07-10 22:31:10',	80,	424,	20,	143.00,	12.00),
(922,	'2013-07-10 22:33:11',	'2013-07-10 22:33:11',	77,	425,	20,	45.00,	37.00),
(923,	'2013-07-10 22:33:11',	'2013-07-10 22:33:11',	78,	425,	20,	137.00,	37.00),
(924,	'2013-07-10 22:33:11',	'2013-07-10 22:33:11',	76,	425,	10,	763.00,	20.00),
(925,	'2013-07-10 22:35:42',	'2013-07-10 22:49:12',	80,	426,	40,	143.00,	12.00),
(926,	'2013-07-10 22:46:33',	'2013-07-10 22:55:43',	72,	427,	40,	399.00,	33.00),
(927,	'2013-07-10 22:46:33',	'2013-07-10 22:55:43',	74,	427,	80,	399.00,	33.00),
(928,	'2013-07-10 22:46:33',	'2013-07-10 22:55:43',	75,	427,	80,	199.00,	35.00),
(929,	'2013-07-10 22:46:33',	'2013-07-10 22:55:43',	71,	427,	80,	137.00,	37.00),
(930,	'2013-07-10 22:46:33',	'2013-07-10 22:55:43',	81,	427,	20,	413.00,	33.00),
(931,	'2013-07-10 22:46:33',	'2013-07-10 22:55:43',	77,	427,	130,	45.00,	37.00),
(932,	'2013-07-10 22:46:33',	'2013-07-10 22:55:44',	78,	427,	30,	137.00,	37.00),
(933,	'2013-07-10 22:46:33',	'2013-07-10 22:55:44',	80,	427,	150,	143.00,	12.00),
(934,	'2013-07-10 22:46:33',	'2013-07-10 22:55:44',	79,	427,	20,	60.00,	12.00),
(935,	'2013-07-10 22:46:33',	'2013-07-10 22:55:44',	18,	427,	100,	354.00,	33.00),
(936,	'2013-07-10 22:46:33',	'2013-07-10 22:55:44',	73,	427,	5,	152.00,	35.00),
(937,	'2013-07-10 22:49:12',	'2013-07-10 22:49:12',	72,	428,	-10,	399.00,	33.00),
(938,	'2013-07-10 22:49:12',	'2013-07-10 22:49:12',	76,	428,	-3,	763.00,	20.00),
(939,	'2013-07-10 22:51:29',	'2013-07-10 22:51:29',	74,	429,	-5,	399.00,	33.00),
(940,	'2013-07-10 22:51:29',	'2013-07-10 22:51:29',	76,	429,	-1,	763.00,	20.00),
(941,	'2013-07-10 22:51:29',	'2013-07-10 22:51:29',	77,	429,	-6,	45.00,	37.00),
(942,	'2013-07-10 22:54:11',	'2013-07-10 22:54:11',	72,	430,	-1,	399.00,	33.00),
(943,	'2013-07-10 22:54:11',	'2013-07-10 22:54:11',	75,	430,	-4,	199.00,	35.00),
(945,	'2013-07-10 22:55:43',	'2013-07-10 22:55:43',	72,	431,	-3,	399.00,	33.00),
(946,	'2013-07-10 22:57:08',	'2013-07-10 22:57:08',	72,	432,	-4,	399.00,	33.00),
(947,	'2013-07-10 22:57:08',	'2013-07-10 22:57:08',	74,	432,	-1,	399.00,	33.00),
(952,	'2013-07-10 23:03:47',	'2013-07-10 23:03:47',	67,	434,	-3,	977.00,	20.00),
(953,	'2013-07-10 23:03:47',	'2013-07-10 23:03:47',	69,	434,	-3,	205.00,	37.00),
(954,	'2013-07-10 23:03:47',	'2013-07-10 23:03:47',	17,	434,	-6,	201.00,	37.00),
(955,	'2013-07-11 09:25:58',	'2013-07-11 09:25:58',	82,	435,	10,	106.00,	35.00),
(956,	'2013-07-11 09:25:58',	'2013-07-11 09:25:58',	83,	435,	10,	193.00,	35.00),
(961,	'2013-07-11 09:28:08',	'2013-07-11 09:30:39',	82,	436,	10,	106.00,	35.00),
(962,	'2013-07-11 09:28:08',	'2013-07-11 09:30:39',	83,	436,	10,	193.00,	35.00),
(963,	'2013-07-11 09:30:39',	'2013-07-11 09:30:39',	82,	437,	-6,	106.00,	35.00),
(964,	'2013-07-11 09:30:39',	'2013-07-11 09:30:39',	83,	437,	-6,	193.00,	35.00),
(965,	'2013-07-11 09:31:29',	'2013-07-11 09:31:29',	82,	438,	-2,	106.00,	35.00),
(966,	'2013-07-11 09:31:29',	'2013-07-11 09:31:29',	83,	438,	-1,	193.00,	35.00),
(967,	'2013-07-11 10:45:40',	'2013-07-11 10:45:40',	77,	439,	-1,	45.00,	37.00),
(968,	'2013-07-11 10:45:40',	'2013-07-11 10:45:40',	78,	439,	-22,	137.00,	37.00),
(969,	'2013-07-11 10:45:40',	'2013-07-11 10:45:40',	71,	439,	-10,	137.00,	37.00),
(970,	'2013-07-11 10:46:58',	'2013-07-11 10:46:58',	72,	433,	-8,	399.00,	33.00),
(971,	'2013-07-11 10:46:59',	'2013-07-11 10:46:59',	78,	433,	-22,	137.00,	37.00),
(972,	'2013-07-11 10:46:59',	'2013-07-11 10:46:59',	77,	433,	-1,	45.00,	37.00),
(973,	'2013-07-11 10:46:59',	'2013-07-11 10:46:59',	71,	433,	-10,	137.00,	37.00),
(974,	'2013-07-11 10:48:41',	'2013-07-11 10:48:41',	67,	440,	-3,	977.00,	20.00),
(975,	'2013-07-11 10:48:41',	'2013-07-11 10:48:41',	69,	440,	-3,	205.00,	37.00),
(976,	'2013-07-11 10:48:41',	'2013-07-11 10:48:41',	17,	440,	-6,	201.00,	37.00),
(977,	'2013-07-11 13:01:20',	'2013-07-11 13:01:20',	37,	441,	1,	1492.00,	17.00),
(978,	'2013-07-11 13:01:20',	'2013-07-11 13:01:20',	84,	441,	1,	73.00,	37.00),
(979,	'2013-07-11 14:26:52',	'2013-07-11 14:26:52',	39,	442,	1,	26.00,	0.00),
(980,	'2013-07-11 15:52:40',	'2013-07-11 15:52:40',	35,	443,	-4,	358.00,	33.00),
(981,	'2013-07-11 15:52:40',	'2013-07-11 15:52:40',	46,	443,	-1,	1224.00,	20.00),
(982,	'2013-07-11 15:52:40',	'2013-07-11 15:52:40',	37,	443,	-1,	1492.00,	17.00),
(1003,	'2013-07-19 15:43:12',	'2013-07-19 15:43:12',	67,	446,	-15,	977.00,	20.00),
(1004,	'2013-07-19 15:43:12',	'2013-07-19 15:43:12',	69,	446,	-19,	205.00,	37.00),
(1005,	'2013-07-19 15:43:12',	'2013-07-19 15:43:12',	17,	446,	-27,	201.00,	37.00),
(1006,	'2013-07-19 15:43:12',	'2013-07-19 15:43:12',	15,	446,	-6,	201.00,	37.00),
(1007,	'2013-07-19 15:43:12',	'2013-07-19 15:43:12',	21,	446,	-2,	697.00,	20.00),
(1008,	'2013-07-19 15:43:12',	'2013-07-19 15:43:12',	19,	446,	-1,	173.00,	37.00),
(1009,	'2013-07-19 15:48:30',	'2013-07-19 15:48:30',	31,	447,	-9,	314.00,	33.00),
(1010,	'2013-07-19 15:48:30',	'2013-07-19 15:48:30',	57,	447,	-3,	465.00,	33.00),
(1011,	'2013-07-19 15:48:30',	'2013-07-19 15:48:30',	58,	447,	-1,	716.00,	24.00),
(1012,	'2013-07-22 14:08:41',	'2013-07-22 14:08:41',	46,	448,	-6,	1224.00,	20.00),
(1013,	'2013-07-22 14:08:41',	'2013-07-22 14:08:41',	44,	448,	-2,	796.00,	20.00),
(1014,	'2013-07-22 14:08:41',	'2013-07-22 14:08:41',	36,	448,	-6,	716.00,	24.00),
(1015,	'2013-07-22 14:08:41',	'2013-07-22 14:08:41',	35,	448,	-6,	358.00,	33.00),
(1016,	'2013-07-22 14:08:41',	'2013-07-22 14:08:41',	37,	448,	-1,	1492.00,	17.00),
(1017,	'2013-07-22 14:18:03',	'2013-07-22 14:18:03',	35,	449,	10,	358.00,	33.00),
(1018,	'2013-07-22 14:18:03',	'2013-07-22 14:18:03',	46,	449,	10,	1224.00,	20.00),
(1019,	'2013-07-22 14:18:03',	'2013-07-22 14:18:03',	102,	449,	3,	630.00,	24.00),
(1020,	'2013-07-22 14:18:03',	'2013-07-22 14:18:03',	103,	449,	2,	2118.00,	10.00),
(1021,	'2013-07-22 14:44:07',	'2013-07-22 14:44:07',	33,	450,	-50,	222.00,	37.00),
(1022,	'2013-07-22 14:44:07',	'2013-07-22 14:44:07',	59,	450,	-15,	286.00,	33.00),
(1023,	'2013-07-22 22:05:21',	'2013-07-22 22:05:21',	104,	451,	5,	453.00,	33.00),
(1024,	'2013-07-22 22:05:21',	'2013-07-22 22:05:21',	105,	451,	5,	201.00,	35.00),
(1025,	'2013-07-22 22:05:21',	'2013-07-22 22:05:21',	106,	451,	5,	216.00,	35.00),
(1026,	'2013-07-22 22:05:21',	'2013-07-22 22:05:21',	107,	451,	3,	173.00,	14.00),
(1027,	'2013-07-22 22:05:21',	'2013-07-22 22:05:21',	108,	451,	5,	3375.00,	17.00),
(1028,	'2013-07-22 22:05:21',	'2013-07-22 22:05:21',	109,	451,	2,	139.00,	35.00),
(1029,	'2013-07-22 22:05:21',	'2013-07-22 22:05:21',	110,	451,	2,	418.00,	33.00),
(1030,	'2013-07-22 22:05:21',	'2013-07-22 22:05:21',	111,	451,	2,	185.00,	35.00),
(1031,	'2013-07-22 22:05:21',	'2013-07-22 22:05:21',	112,	451,	2,	557.00,	24.00),
(1032,	'2013-07-22 22:05:21',	'2013-07-22 22:05:21',	113,	451,	2,	220.00,	35.00),
(1033,	'2013-07-22 22:05:21',	'2013-07-22 22:05:21',	114,	451,	1,	132.00,	20.00),
(1034,	'2013-07-22 22:05:21',	'2013-07-22 22:05:21',	115,	451,	3,	88.00,	35.00),
(1035,	'2013-07-22 22:05:21',	'2013-07-22 22:05:21',	116,	451,	3,	264.00,	35.00),
(1036,	'2013-07-22 22:05:21',	'2013-07-22 22:05:21',	117,	451,	3,	353.00,	33.00),
(1037,	'2013-07-22 22:05:21',	'2013-07-22 22:05:21',	118,	451,	3,	529.00,	24.00),
(1038,	'2013-07-22 22:05:21',	'2013-07-22 22:05:21',	119,	451,	3,	900.00,	24.00),
(1039,	'2013-07-22 22:05:21',	'2013-07-22 22:05:21',	120,	451,	3,	287.00,	33.00),
(1040,	'2013-07-22 22:05:21',	'2013-07-22 22:05:21',	122,	451,	3,	215.00,	35.00),
(1041,	'2013-07-22 22:05:21',	'2013-07-22 22:05:21',	121,	451,	3,	719.00,	24.00),
(1042,	'2013-07-22 22:05:21',	'2013-07-22 22:05:21',	123,	451,	2,	903.00,	20.00),
(1043,	'2013-07-22 22:06:28',	'2013-07-22 22:10:41',	108,	452,	5,	3375.00,	17.00),
(1044,	'2013-07-22 22:07:35',	'2013-07-22 22:07:35',	106,	453,	-4,	216.00,	35.00),
(1045,	'2013-07-22 22:10:41',	'2013-07-22 22:10:41',	104,	454,	-3,	453.00,	33.00),
(1046,	'2013-07-22 22:10:41',	'2013-07-22 22:10:41',	107,	454,	-1,	173.00,	14.00),
(1047,	'2013-07-22 22:10:41',	'2013-07-22 22:10:41',	111,	454,	-1,	185.00,	35.00),
(1048,	'2013-07-22 22:10:41',	'2013-07-22 22:10:41',	112,	454,	-2,	557.00,	24.00),
(1049,	'2013-07-22 22:10:41',	'2013-07-22 22:10:41',	119,	454,	-2,	900.00,	24.00),
(1050,	'2013-07-22 22:10:41',	'2013-07-22 22:10:41',	120,	454,	-3,	287.00,	33.00),
(1051,	'2013-07-22 22:10:41',	'2013-07-22 22:10:41',	121,	454,	-3,	719.00,	24.00),
(1052,	'2013-07-22 22:10:41',	'2013-07-22 22:10:41',	122,	454,	-3,	215.00,	35.00),
(1053,	'2013-07-23 09:20:13',	'2013-07-23 09:20:13',	63,	455,	80,	135.00,	30.00),
(1054,	'2013-07-23 15:11:00',	'2013-07-23 15:11:00',	77,	456,	-2,	45.00,	37.00),
(1055,	'2013-07-23 15:11:00',	'2013-07-23 15:11:00',	78,	456,	-8,	137.00,	37.00),
(1056,	'2013-07-23 15:11:00',	'2013-07-23 15:11:00',	72,	456,	-1,	399.00,	33.00),
(1057,	'2013-07-23 15:11:00',	'2013-07-23 15:11:00',	75,	456,	-5,	199.00,	35.00),
(1058,	'2013-07-23 15:11:00',	'2013-07-23 15:11:00',	74,	456,	-1,	399.00,	33.00),
(1068,	'2013-07-23 22:14:37',	'2013-07-23 22:14:37',	85,	458,	15,	201.00,	35.00),
(1069,	'2013-07-23 22:14:37',	'2013-07-23 22:14:37',	127,	458,	10,	398.00,	33.00),
(1070,	'2013-07-23 22:14:37',	'2013-07-23 22:14:37',	124,	458,	15,	796.00,	20.00),
(1071,	'2013-07-23 22:14:37',	'2013-07-23 22:14:37',	87,	458,	10,	329.00,	33.00),
(1072,	'2013-07-23 22:14:37',	'2013-07-23 22:14:37',	128,	458,	63,	99.00,	35.00),
(1073,	'2013-07-23 22:14:37',	'2013-07-23 22:14:37',	130,	458,	25,	737.00,	24.00),
(1074,	'2013-07-23 22:14:37',	'2013-07-23 22:14:37',	131,	458,	4,	130.00,	35.00),
(1075,	'2013-07-23 22:14:37',	'2013-07-23 22:14:37',	132,	458,	45,	101.00,	35.00),
(1076,	'2013-07-23 22:15:35',	'2013-07-23 22:24:40',	129,	459,	30,	552.00,	24.00),
(1077,	'2013-07-23 22:16:32',	'2013-07-23 22:24:43',	124,	460,	15,	796.00,	20.00),
(1078,	'2013-07-23 22:16:33',	'2013-07-23 22:24:43',	127,	460,	5,	398.00,	33.00),
(1079,	'2013-07-23 22:18:43',	'2013-07-23 22:18:43',	85,	461,	-2,	201.00,	35.00),
(1080,	'2013-07-23 22:18:43',	'2013-07-23 22:18:43',	124,	461,	-1,	796.00,	20.00),
(1081,	'2013-07-23 22:19:37',	'2013-07-23 22:19:37',	128,	462,	-14,	99.00,	35.00),
(1082,	'2013-07-23 22:20:16',	'2013-07-23 22:20:16',	128,	463,	-8,	99.00,	35.00),
(1083,	'2013-07-23 22:22:55',	'2013-07-23 22:22:55',	85,	464,	-6,	201.00,	35.00),
(1084,	'2013-07-23 22:22:55',	'2013-07-23 22:22:55',	127,	464,	-5,	398.00,	33.00),
(1085,	'2013-07-23 22:22:55',	'2013-07-23 22:22:55',	124,	464,	-4,	796.00,	20.00),
(1086,	'2013-07-23 22:24:00',	'2013-07-23 22:24:00',	130,	465,	-6,	737.00,	24.00),
(1087,	'2013-07-23 22:24:40',	'2013-07-23 22:24:40',	128,	466,	-9,	99.00,	35.00),
(1088,	'2013-07-23 22:29:13',	'2013-07-23 22:29:13',	85,	467,	-5,	201.00,	35.00),
(1089,	'2013-07-23 22:29:13',	'2013-07-23 22:29:13',	127,	467,	-7,	398.00,	33.00),
(1090,	'2013-07-23 22:29:13',	'2013-07-23 22:29:13',	124,	467,	-3,	796.00,	20.00),
(1091,	'2013-07-23 22:29:13',	'2013-07-23 22:29:13',	128,	467,	-5,	99.00,	35.00),
(1092,	'2013-07-23 22:29:13',	'2013-07-23 22:29:13',	130,	467,	-5,	737.00,	24.00),
(1093,	'2013-07-23 22:29:13',	'2013-07-23 22:29:13',	131,	467,	-3,	130.00,	35.00),
(1094,	'2013-07-23 22:29:13',	'2013-07-23 22:29:13',	132,	467,	-26,	101.00,	35.00),
(1095,	'2013-07-24 11:24:27',	'2013-07-24 11:24:27',	108,	468,	-5,	3375.00,	17.00),
(1098,	'2013-07-24 13:52:04',	'2013-07-24 13:52:04',	133,	470,	30,	157.00,	35.00),
(1099,	'2013-07-24 13:52:04',	'2013-07-24 13:52:04',	39,	470,	2,	26.00,	0.00),
(1100,	'2013-07-24 13:52:04',	'2013-07-24 13:52:04',	134,	470,	1,	850.00,	20.00),
(1101,	'2013-07-25 10:53:57',	'2013-07-25 10:53:57',	35,	471,	-4,	358.00,	33.00),
(1102,	'2013-07-25 10:53:57',	'2013-07-25 10:53:57',	134,	471,	-1,	850.00,	20.00),
(1103,	'2013-07-25 12:35:26',	'2013-07-25 12:35:26',	83,	472,	-7,	193.00,	35.00),
(1104,	'2013-07-25 12:35:26',	'2013-07-25 12:35:26',	82,	472,	-10,	106.00,	35.00),
(1105,	'2013-07-26 13:45:02',	'2013-07-26 13:45:02',	15,	473,	-3,	201.00,	37.00),
(1106,	'2013-07-26 13:49:45',	'2013-07-26 13:49:45',	77,	474,	-1,	45.00,	37.00),
(1107,	'2013-07-26 13:49:45',	'2013-07-26 13:49:45',	78,	474,	-1,	137.00,	37.00),
(1108,	'2013-07-29 10:59:07',	'2013-07-29 10:59:07',	31,	475,	10,	314.00,	33.00),
(1112,	'2013-07-29 11:26:32',	'2013-07-29 11:26:32',	103,	477,	4,	2118.00,	10.00),
(1113,	'2013-07-30 14:11:32',	'2013-07-30 15:58:10',	61,	478,	-11,	494.00,	24.00),
(1114,	'2013-07-30 14:11:32',	'2013-07-30 15:58:10',	62,	478,	-9,	342.00,	33.00),
(1115,	'2013-07-30 14:11:32',	'2013-07-30 15:58:10',	33,	478,	-6,	222.00,	37.00),
(1116,	'2013-07-30 14:11:32',	'2013-07-30 15:58:10',	29,	478,	-17,	402.00,	33.00),
(1117,	'2013-07-30 14:11:32',	'2013-07-30 15:58:10',	30,	478,	-2,	134.00,	37.00),
(1118,	'2013-07-30 15:58:06',	'2013-07-30 15:58:06',	81,	479,	20,	413.00,	33.00),
(1119,	'2013-07-30 15:58:06',	'2013-07-30 15:58:06',	29,	479,	10,	402.00,	33.00),
(1120,	'2013-08-01 16:12:19',	'2013-08-01 16:12:19',	36,	480,	10,	716.00,	24.00),
(1121,	'2013-08-01 16:12:19',	'2013-08-01 16:12:19',	35,	480,	10,	358.00,	33.00),
(1122,	'2013-08-01 16:12:19',	'2013-08-01 16:12:19',	133,	480,	30,	157.00,	35.00),
(1123,	'2013-08-02 13:50:23',	'2013-08-02 13:50:23',	133,	481,	-30,	157.00,	35.00),
(1124,	'2013-08-02 13:50:23',	'2013-08-02 13:50:23',	36,	481,	-7,	716.00,	24.00),
(1125,	'2013-08-02 13:50:23',	'2013-08-02 13:50:23',	35,	481,	-6,	358.00,	33.00),
(1126,	'2013-08-02 15:35:37',	'2013-08-02 15:35:37',	79,	482,	-4,	60.00,	12.00),
(1127,	'2013-08-02 15:35:37',	'2013-08-02 15:35:37',	74,	482,	-3,	399.00,	33.00),
(1128,	'2013-08-02 15:35:37',	'2013-08-02 15:35:37',	71,	482,	-6,	137.00,	37.00),
(1129,	'2013-08-02 15:35:37',	'2013-08-02 15:35:37',	77,	482,	-4,	45.00,	37.00),
(1130,	'2013-08-02 15:35:37',	'2013-08-02 15:35:37',	80,	482,	-10,	143.00,	12.00),
(1131,	'2013-08-02 15:46:16',	'2013-08-02 15:46:16',	18,	483,	-4,	354.00,	33.00),
(1132,	'2013-08-02 15:46:16',	'2013-08-02 15:46:16',	67,	483,	-6,	977.00,	20.00),
(1133,	'2013-08-02 15:46:16',	'2013-08-02 15:46:16',	69,	483,	-16,	205.00,	37.00),
(1134,	'2013-08-02 15:46:16',	'2013-08-02 15:46:16',	15,	483,	-15,	201.00,	37.00),
(1135,	'2013-08-02 15:46:16',	'2013-08-02 15:46:16',	21,	483,	-6,	697.00,	20.00),
(1136,	'2013-08-02 15:46:16',	'2013-08-02 15:46:16',	17,	483,	-21,	201.00,	37.00),
(1137,	'2013-08-02 15:46:16',	'2013-08-02 15:46:16',	70,	483,	-5,	1142.00,	20.00),
(1138,	'2013-08-02 16:03:35',	'2013-08-02 16:03:35',	138,	484,	10,	1710.00,	17.00),
(1139,	'2013-08-05 11:06:11',	'2013-08-05 11:06:11',	72,	485,	-2,	399.00,	33.00),
(1140,	'2013-08-05 11:06:11',	'2013-08-05 11:06:11',	77,	485,	-1,	45.00,	37.00),
(1141,	'2013-08-05 11:06:11',	'2013-08-05 11:06:11',	71,	485,	-1,	137.00,	37.00),
(1142,	'2013-08-05 13:27:41',	'2013-08-05 13:27:41',	132,	486,	-5,	101.00,	35.00),
(1143,	'2013-08-06 14:53:46',	'2013-08-28 13:29:17',	87,	487,	-2,	329.00,	33.00),
(1144,	'2013-08-06 14:53:46',	'2013-08-28 13:29:17',	85,	487,	-5,	201.00,	35.00),
(1145,	'2013-08-06 14:53:46',	'2013-08-28 13:29:17',	34,	487,	-4,	268.00,	33.00),
(1146,	'2013-08-06 14:53:46',	'2013-08-28 13:29:18',	124,	487,	-3,	796.00,	20.00),
(1147,	'2013-08-06 14:53:46',	'2013-08-28 13:29:18',	125,	487,	-3,	332.00,	25.00),
(1148,	'2013-08-06 14:53:46',	'2013-08-28 13:29:18',	126,	487,	-5,	216.00,	35.00),
(1149,	'2013-08-06 21:26:38',	'2013-08-06 21:26:38',	31,	384,	3,	314.00,	33.00),
(1150,	'2013-08-06 21:26:38',	'2013-08-06 21:26:38',	32,	384,	8,	216.00,	33.00),
(1151,	'2013-08-06 21:26:38',	'2013-08-06 21:26:38',	33,	384,	1,	222.00,	37.00),
(1152,	'2013-08-06 21:26:38',	'2013-08-06 21:26:38',	93,	384,	3,	716.00,	24.00),
(1153,	'2013-08-06 21:26:38',	'2013-08-06 21:26:38',	100,	384,	7,	134.00,	35.00),
(1154,	'2013-08-06 21:26:38',	'2013-08-06 21:26:38',	88,	384,	2,	404.00,	33.00),
(1155,	'2013-08-06 21:26:38',	'2013-08-06 21:26:38',	29,	384,	7,	402.00,	33.00),
(1156,	'2013-08-06 21:26:39',	'2013-08-06 21:26:39',	98,	384,	2,	333.00,	31.00),
(1157,	'2013-08-06 21:26:39',	'2013-08-06 21:26:39',	91,	384,	3,	176.00,	35.00),
(1158,	'2013-08-06 21:26:39',	'2013-08-06 21:26:39',	94,	384,	4,	358.00,	33.00),
(1159,	'2013-08-06 21:26:39',	'2013-08-06 21:26:39',	58,	384,	11,	716.00,	24.00),
(1160,	'2013-08-06 21:26:39',	'2013-08-06 21:26:39',	86,	384,	13,	135.00,	35.00),
(1161,	'2013-08-06 21:26:39',	'2013-08-06 21:26:39',	85,	384,	7,	201.00,	35.00),
(1162,	'2013-08-06 21:26:39',	'2013-08-06 21:26:39',	95,	384,	15,	190.00,	35.00),
(1163,	'2013-08-06 21:26:39',	'2013-08-06 21:26:39',	97,	384,	10,	163.00,	25.00),
(1164,	'2013-08-06 21:26:39',	'2013-08-06 21:26:39',	92,	384,	6,	134.00,	35.00),
(1165,	'2013-08-06 21:26:39',	'2013-08-06 21:26:39',	96,	384,	18,	796.00,	20.00),
(1166,	'2013-08-06 21:26:39',	'2013-08-06 21:26:39',	89,	384,	5,	359.00,	33.00),
(1167,	'2013-08-06 21:26:39',	'2013-08-06 21:26:39',	90,	384,	3,	479.00,	24.00),
(1168,	'2013-08-06 21:26:39',	'2013-08-06 21:26:39',	87,	384,	9,	329.00,	33.00),
(1169,	'2013-08-07 17:03:18',	'2013-08-07 17:03:18',	83,	488,	-5,	193.00,	35.00),
(1170,	'2013-08-07 17:03:18',	'2013-08-07 17:03:18',	82,	488,	-1,	106.00,	35.00),
(1171,	'2013-08-08 11:07:00',	'2013-08-08 11:07:00',	93,	489,	10,	716.00,	24.00),
(1172,	'2013-08-08 11:07:00',	'2013-08-08 11:07:00',	98,	489,	5,	333.00,	31.00),
(1173,	'2013-08-08 11:07:00',	'2013-08-08 11:07:00',	31,	489,	10,	314.00,	33.00),
(1174,	'2013-08-08 11:07:00',	'2013-08-08 11:07:00',	88,	489,	10,	404.00,	33.00),
(1195,	'2013-08-08 14:53:32',	'2013-08-08 14:53:32',	31,	490,	-10,	314.00,	33.00),
(1196,	'2013-08-08 14:53:32',	'2013-08-08 14:53:32',	96,	490,	-3,	796.00,	20.00),
(1197,	'2013-08-08 14:53:32',	'2013-08-08 14:53:32',	98,	490,	-1,	333.00,	31.00),
(1198,	'2013-08-08 14:53:32',	'2013-08-08 14:53:32',	85,	490,	-1,	201.00,	35.00),
(1199,	'2013-08-08 14:53:32',	'2013-08-08 14:53:32',	93,	490,	-1,	716.00,	24.00),
(1200,	'2013-08-08 14:53:32',	'2013-08-08 14:53:32',	88,	490,	-2,	404.00,	33.00),
(1201,	'2013-08-08 14:53:32',	'2013-08-08 14:53:32',	58,	490,	-1,	716.00,	24.00),
(1202,	'2013-08-08 14:53:32',	'2013-08-08 14:53:32',	94,	490,	-1,	358.00,	33.00),
(1203,	'2013-08-08 14:53:32',	'2013-08-08 14:53:32',	32,	490,	-3,	216.00,	33.00),
(1204,	'2013-08-08 14:53:32',	'2013-08-08 14:53:32',	95,	490,	-3,	190.00,	35.00),
(1205,	'2013-08-08 14:53:32',	'2013-08-08 14:53:32',	87,	490,	-1,	329.00,	33.00),
(1206,	'2013-08-08 14:53:33',	'2013-08-08 14:53:33',	90,	490,	-2,	479.00,	24.00),
(1207,	'2013-08-09 12:11:22',	'2013-08-09 12:11:22',	31,	491,	-6,	314.00,	33.00),
(1208,	'2013-08-09 12:11:22',	'2013-08-09 12:11:22',	56,	491,	-1,	413.00,	33.00),
(1209,	'2013-08-09 12:11:23',	'2013-08-09 12:11:23',	57,	491,	-2,	465.00,	33.00),
(1210,	'2013-08-09 12:11:23',	'2013-08-09 12:11:23',	58,	491,	-3,	716.00,	24.00),
(1211,	'2013-08-09 12:15:13',	'2013-08-09 12:15:13',	103,	492,	1,	2118.00,	10.00),
(1212,	'2013-08-12 10:20:44',	'2013-08-12 10:20:44',	124,	493,	50,	796.00,	20.00),
(1213,	'2013-08-12 14:14:48',	'2013-08-12 14:14:48',	36,	494,	-8,	716.00,	24.00),
(1214,	'2013-08-12 14:14:48',	'2013-08-12 14:14:48',	133,	494,	-19,	157.00,	35.00),
(1215,	'2013-08-12 14:14:48',	'2013-08-12 14:14:48',	102,	494,	-1,	630.00,	24.00),
(1216,	'2013-08-12 14:14:48',	'2013-08-12 14:14:48',	44,	494,	-1,	796.00,	20.00),
(1217,	'2013-08-12 14:14:48',	'2013-08-12 14:14:48',	45,	494,	-1,	238.00,	33.00),
(1218,	'2013-08-12 14:14:48',	'2013-08-12 14:14:48',	35,	494,	-2,	358.00,	33.00),
(1220,	'2013-08-14 11:47:31',	'2013-08-14 11:47:31',	129,	495,	-12,	552.00,	24.00),
(1221,	'2013-08-16 11:50:13',	'2013-08-16 11:50:13',	57,	496,	-2,	465.00,	33.00),
(1222,	'2013-08-16 11:50:13',	'2013-08-16 11:50:13',	31,	496,	-2,	314.00,	33.00),
(1223,	'2013-08-16 11:50:13',	'2013-08-16 11:50:13',	58,	496,	-1,	716.00,	24.00),
(1224,	'2013-08-18 23:30:38',	'2013-08-18 23:31:02',	86,	497,	3,	135.00,	35.00),
(1225,	'2013-08-18 23:30:38',	'2013-08-18 23:31:02',	88,	497,	1,	404.00,	33.00),
(1226,	'2013-08-18 23:30:38',	'2013-08-18 23:31:02',	90,	497,	7,	479.00,	24.00),
(1227,	'2013-08-18 23:30:38',	'2013-08-18 23:31:02',	100,	497,	4,	134.00,	35.00),
(1228,	'2013-08-18 23:30:38',	'2013-08-18 23:31:02',	33,	497,	9,	222.00,	37.00),
(1229,	'2013-08-18 23:30:38',	'2013-08-18 23:31:02',	31,	497,	7,	314.00,	33.00),
(1230,	'2013-08-18 23:30:38',	'2013-08-18 23:31:02',	34,	497,	9,	268.00,	33.00),
(1231,	'2013-08-18 23:31:02',	'2013-08-18 23:31:02',	87,	498,	-4,	329.00,	33.00),
(1232,	'2013-08-18 23:31:02',	'2013-08-18 23:31:02',	93,	498,	-2,	716.00,	24.00),
(1233,	'2013-08-18 23:31:02',	'2013-08-18 23:31:02',	95,	498,	-4,	190.00,	35.00),
(1234,	'2013-08-18 23:31:02',	'2013-08-18 23:31:02',	92,	498,	-6,	134.00,	35.00),
(1235,	'2013-08-18 23:31:02',	'2013-08-18 23:31:02',	98,	498,	-1,	333.00,	31.00),
(1236,	'2013-08-18 23:31:02',	'2013-08-18 23:31:02',	58,	498,	-1,	716.00,	24.00),
(1237,	'2013-08-18 23:36:58',	'2013-08-18 23:36:58',	139,	499,	4,	486.00,	15.00),
(1238,	'2013-08-18 23:36:58',	'2013-08-18 23:36:58',	140,	499,	1,	486.00,	25.00),
(1239,	'2013-08-19 15:49:12',	'2013-08-19 15:49:12',	77,	500,	-3,	45.00,	37.00),
(1240,	'2013-08-19 15:49:12',	'2013-08-19 15:49:12',	78,	500,	-2,	137.00,	37.00),
(1241,	'2013-08-19 15:57:08',	'2013-08-19 15:57:08',	130,	501,	-6,	737.00,	24.00),
(1245,	'2013-08-20 12:06:47',	'2013-08-20 12:06:47',	35,	502,	10,	358.00,	33.00),
(1246,	'2013-08-20 12:06:47',	'2013-08-20 12:06:47',	36,	502,	10,	716.00,	24.00),
(1247,	'2013-08-20 12:06:47',	'2013-08-20 12:06:47',	133,	502,	30,	157.00,	35.00),
(1248,	'2013-08-20 12:06:47',	'2013-08-20 12:06:47',	141,	502,	1,	169.00,	5.00),
(1249,	'2013-08-20 15:29:48',	'2013-08-20 15:29:48',	85,	503,	5,	201.00,	35.00),
(1250,	'2013-08-20 15:29:48',	'2013-08-20 15:29:48',	34,	503,	5,	268.00,	33.00),
(1251,	'2013-08-20 15:29:48',	'2013-08-20 15:29:48',	90,	503,	10,	479.00,	24.00),
(1252,	'2013-08-20 15:29:48',	'2013-08-20 15:29:48',	86,	503,	15,	135.00,	35.00),
(1253,	'2013-08-20 15:29:48',	'2013-08-20 15:29:48',	87,	503,	10,	329.00,	33.00),
(1254,	'2013-08-20 15:39:36',	'2013-08-20 15:39:36',	58,	504,	-2,	716.00,	24.00),
(1255,	'2013-08-20 15:39:36',	'2013-08-20 15:39:36',	88,	504,	-2,	404.00,	33.00),
(1256,	'2013-08-20 15:39:36',	'2013-08-20 15:39:36',	98,	504,	-2,	333.00,	31.00),
(1257,	'2013-08-20 15:39:36',	'2013-08-20 15:39:36',	97,	504,	-4,	163.00,	25.00),
(1258,	'2013-08-20 15:39:36',	'2013-08-20 15:39:36',	31,	504,	-1,	314.00,	33.00),
(1259,	'2013-08-20 15:39:36',	'2013-08-20 15:39:36',	95,	504,	-3,	190.00,	35.00),
(1260,	'2013-08-20 15:39:36',	'2013-08-20 15:39:36',	87,	504,	-1,	329.00,	33.00),
(1261,	'2013-08-20 15:39:36',	'2013-08-20 15:39:36',	140,	504,	-2,	486.00,	25.00),
(1262,	'2013-08-20 16:43:19',	'2013-08-20 16:43:19',	46,	505,	-1,	1224.00,	20.00),
(1263,	'2013-08-20 16:43:19',	'2013-08-20 16:43:19',	137,	505,	-2,	6668.00,	14.00),
(1264,	'2013-08-20 16:43:19',	'2013-08-20 16:43:19',	36,	505,	-4,	716.00,	24.00),
(1265,	'2013-08-20 16:43:19',	'2013-08-20 16:43:19',	133,	505,	-6,	157.00,	35.00),
(1266,	'2013-08-20 16:43:19',	'2013-08-20 16:43:19',	35,	505,	-2,	358.00,	33.00),
(1267,	'2013-08-20 16:43:19',	'2013-08-20 16:43:19',	52,	505,	-1,	185.00,	37.00),
(1268,	'2013-08-20 16:43:19',	'2013-08-20 16:43:19',	48,	505,	-1,	153.00,	37.00),
(1269,	'2013-08-20 17:29:21',	'2013-08-20 17:29:21',	77,	506,	-1,	45.00,	37.00),
(1270,	'2013-08-20 17:29:21',	'2013-08-20 17:29:21',	72,	506,	-9,	399.00,	33.00),
(1271,	'2013-08-20 17:29:21',	'2013-08-20 17:29:21',	79,	506,	-3,	60.00,	12.00),
(1272,	'2013-08-22 11:43:32',	'2013-08-22 11:43:32',	79,	507,	-10,	60.00,	12.00),
(1273,	'2013-08-22 11:47:34',	'2013-08-22 11:47:34',	15,	508,	-8,	201.00,	37.00),
(1274,	'2013-08-22 11:47:34',	'2013-08-22 11:47:34',	17,	508,	-29,	201.00,	37.00),
(1275,	'2013-08-22 11:47:34',	'2013-08-22 11:47:34',	67,	508,	-4,	977.00,	20.00),
(1276,	'2013-08-22 11:47:34',	'2013-08-22 11:47:34',	138,	508,	-6,	1710.00,	17.00),
(1277,	'2013-08-22 11:47:34',	'2013-08-22 11:47:34',	21,	508,	-6,	697.00,	20.00),
(1278,	'2013-08-22 11:47:34',	'2013-08-22 11:47:34',	18,	508,	-5,	354.00,	33.00),
(1279,	'2013-08-22 11:47:34',	'2013-08-22 11:47:34',	19,	508,	-1,	173.00,	37.00),
(1280,	'2013-08-22 11:47:34',	'2013-08-22 11:47:34',	20,	508,	-1,	130.00,	37.00),
(1281,	'2013-08-22 11:53:27',	'2013-08-22 11:53:27',	124,	509,	-2,	796.00,	20.00),
(1285,	'2013-08-22 14:41:35',	'2013-08-22 14:41:35',	80,	510,	-18,	143.00,	12.00),
(1286,	'2013-08-22 14:41:35',	'2013-08-22 14:41:35',	81,	510,	-1,	413.00,	33.00),
(1287,	'2013-08-22 14:41:35',	'2013-08-22 14:41:35',	71,	510,	-2,	137.00,	37.00),
(1288,	'2013-08-22 14:41:35',	'2013-08-22 14:41:35',	78,	510,	-3,	137.00,	37.00),
(1289,	'2013-08-22 14:41:35',	'2013-08-22 14:41:35',	77,	510,	-6,	45.00,	37.00),
(1290,	'2013-08-22 14:41:35',	'2013-08-22 14:41:35',	76,	510,	-11,	763.00,	20.00),
(1296,	'2013-08-23 09:59:13',	'2013-08-23 09:59:13',	11,	514,	5,	40.00,	0.00),
(1307,	'2013-08-23 10:56:45',	'2013-08-23 10:56:45',	87,	515,	-1,	329.00,	33.00),
(1308,	'2013-08-23 10:56:45',	'2013-08-23 10:56:45',	85,	515,	-3,	201.00,	35.00),
(1309,	'2013-08-23 10:56:45',	'2013-08-23 10:56:45',	124,	515,	-6,	796.00,	20.00),
(1310,	'2013-08-23 10:56:45',	'2013-08-23 10:56:45',	127,	515,	-1,	398.00,	33.00),
(1311,	'2013-08-23 11:22:57',	'2013-08-23 11:22:57',	63,	516,	-33,	135.00,	30.00),
(1312,	'2013-08-23 11:22:57',	'2013-08-23 11:22:57',	81,	516,	-3,	413.00,	33.00),
(1313,	'2013-08-23 11:22:57',	'2013-08-23 11:22:57',	33,	516,	-13,	222.00,	37.00),
(1314,	'2013-08-23 11:22:57',	'2013-08-23 11:22:57',	29,	516,	-4,	402.00,	33.00),
(1315,	'2013-08-23 11:22:57',	'2013-08-23 11:22:57',	61,	516,	-4,	494.00,	24.00),
(1323,	'2013-08-23 11:46:20',	'2013-08-23 11:46:20',	74,	517,	-1,	399.00,	33.00),
(1324,	'2013-08-23 11:46:20',	'2013-08-23 11:46:20',	75,	517,	-5,	199.00,	35.00),
(1325,	'2013-08-23 11:46:20',	'2013-08-23 11:46:20',	71,	517,	-4,	137.00,	37.00),
(1326,	'2013-08-23 11:46:20',	'2013-08-23 11:46:20',	79,	517,	-1,	60.00,	12.00),
(1327,	'2013-08-23 11:46:20',	'2013-08-23 11:46:20',	80,	517,	-4,	143.00,	12.00),
(1328,	'2013-08-23 11:46:20',	'2013-08-23 11:46:20',	78,	517,	-2,	137.00,	37.00),
(1329,	'2013-08-23 11:46:21',	'2013-08-23 11:46:21',	77,	517,	-7,	45.00,	37.00),
(1333,	'2013-08-26 13:55:29',	'2013-08-26 13:55:29',	57,	518,	10,	465.00,	33.00),
(1334,	'2013-08-26 13:55:29',	'2013-08-26 13:55:29',	31,	518,	10,	314.00,	33.00),
(1335,	'2013-08-26 13:55:29',	'2013-08-26 13:55:29',	103,	518,	3,	2118.00,	10.00),
(1336,	'2013-08-26 13:55:29',	'2013-08-26 13:55:29',	142,	518,	2,	391.00,	5.00),
(1337,	'2013-08-26 14:00:17',	'2013-08-26 14:00:17',	124,	519,	30,	796.00,	20.00),
(1338,	'2013-08-26 14:00:17',	'2013-08-26 14:00:17',	85,	519,	10,	201.00,	35.00),
(1340,	'2013-08-27 10:00:49',	'2013-08-27 10:00:49',	57,	520,	-1,	465.00,	33.00),
(1341,	'2013-08-27 10:00:49',	'2013-08-27 10:00:49',	142,	520,	-2,	391.00,	5.00),
(1342,	'2013-08-27 10:00:49',	'2013-08-27 10:00:49',	103,	520,	-4,	2118.00,	10.00),
(1343,	'2013-08-27 12:40:24',	'2013-08-27 12:40:24',	60,	521,	-55,	307.00,	33.00),
(1344,	'2013-08-27 12:44:56',	'2013-08-27 12:44:56',	94,	522,	-1,	358.00,	33.00),
(1345,	'2013-08-27 12:44:56',	'2013-08-27 12:44:56',	87,	522,	-2,	329.00,	33.00),
(1346,	'2013-08-27 12:44:56',	'2013-08-27 12:44:56',	86,	522,	-4,	135.00,	35.00),
(1347,	'2013-08-27 12:44:56',	'2013-08-27 12:44:56',	31,	522,	-8,	314.00,	33.00),
(1348,	'2013-08-27 12:44:56',	'2013-08-27 12:44:56',	33,	522,	-3,	222.00,	37.00),
(1349,	'2013-08-27 12:44:56',	'2013-08-27 12:44:56',	95,	522,	-2,	190.00,	35.00),
(1350,	'2013-08-27 12:44:56',	'2013-08-27 12:44:56',	93,	522,	-1,	716.00,	24.00),
(1351,	'2013-08-27 12:44:56',	'2013-08-27 12:44:56',	88,	522,	-1,	404.00,	33.00),
(1352,	'2013-08-27 12:44:56',	'2013-08-27 12:44:56',	97,	522,	-6,	163.00,	25.00),
(1353,	'2013-08-27 12:44:57',	'2013-08-27 12:44:57',	100,	522,	-1,	134.00,	35.00),
(1354,	'2013-08-27 12:44:57',	'2013-08-27 12:44:57',	101,	522,	-1,	432.00,	31.00),
(1355,	'2013-08-27 13:01:41',	'2013-08-27 13:01:41',	17,	523,	-12,	201.00,	37.00),
(1356,	'2013-08-27 13:01:41',	'2013-08-27 13:01:41',	15,	523,	-9,	201.00,	37.00),
(1357,	'2013-08-27 13:01:41',	'2013-08-27 13:01:41',	21,	523,	-4,	697.00,	20.00),
(1358,	'2013-08-27 13:01:41',	'2013-08-27 13:01:41',	18,	523,	-5,	354.00,	33.00),
(1359,	'2013-08-27 13:01:41',	'2013-08-27 13:01:41',	67,	523,	-9,	977.00,	20.00),
(1360,	'2013-08-27 13:03:13',	'2013-08-27 13:03:13',	75,	524,	-3,	199.00,	35.00),
(1361,	'2013-08-27 13:03:13',	'2013-08-27 13:03:13',	74,	524,	-2,	399.00,	33.00),
(1362,	'2013-08-27 13:03:13',	'2013-08-27 13:03:13',	80,	524,	-11,	143.00,	12.00),
(1366,	'2013-08-27 13:08:24',	'2013-08-28 13:29:18',	85,	525,	10,	201.00,	35.00),
(1367,	'2013-08-27 13:08:24',	'2013-08-28 13:29:18',	34,	525,	10,	268.00,	33.00),
(1368,	'2013-08-27 13:08:24',	'2013-08-28 13:29:18',	124,	525,	10,	796.00,	20.00),
(1369,	'2013-08-27 13:08:24',	'2013-08-28 13:29:18',	87,	525,	10,	329.00,	33.00),
(1370,	'2013-08-28 13:21:51',	'2013-08-28 13:29:20',	124,	526,	-2,	796.00,	20.00),
(1371,	'2013-08-28 13:21:51',	'2013-08-28 13:29:20',	34,	526,	-1,	268.00,	33.00),
(1372,	'2013-08-28 13:21:51',	'2013-08-28 13:29:20',	87,	526,	-4,	329.00,	33.00),
(1373,	'2013-08-28 13:21:51',	'2013-08-28 13:29:20',	136,	526,	-9,	60.00,	12.00),
(1374,	'2013-08-28 13:21:51',	'2013-08-28 13:29:21',	57,	526,	-2,	465.00,	33.00),
(1375,	'2013-08-28 13:21:51',	'2013-08-28 13:29:21',	125,	526,	-1,	332.00,	25.00),
(1376,	'2013-08-28 13:21:51',	'2013-08-28 13:29:21',	126,	526,	-2,	216.00,	35.00),
(1377,	'2013-08-28 13:21:51',	'2013-08-28 13:29:21',	135,	526,	-10,	129.00,	35.00),
(1378,	'2013-08-28 13:23:49',	'2013-08-28 13:29:15',	135,	476,	10,	129.00,	35.00),
(1379,	'2013-08-28 13:23:49',	'2013-08-28 13:29:15',	136,	476,	10,	60.00,	12.00),
(1380,	'2013-08-28 13:23:49',	'2013-08-28 13:29:15',	57,	476,	4,	465.00,	33.00),
(1381,	'2013-08-28 13:29:11',	'2013-08-28 13:29:11',	124,	457,	5,	796.00,	20.00),
(1382,	'2013-08-28 13:29:11',	'2013-08-28 13:29:11',	85,	457,	5,	201.00,	35.00),
(1383,	'2013-08-28 13:29:11',	'2013-08-28 13:29:11',	34,	457,	5,	268.00,	33.00),
(1384,	'2013-08-28 13:29:11',	'2013-08-28 13:29:11',	125,	457,	5,	332.00,	25.00),
(1385,	'2013-08-28 13:29:11',	'2013-08-28 13:29:11',	87,	457,	5,	329.00,	33.00),
(1386,	'2013-08-28 13:29:11',	'2013-08-28 13:29:11',	126,	457,	5,	216.00,	35.00),
(1387,	'2013-08-29 10:39:05',	'2013-08-29 10:39:05',	143,	527,	1,	350.20,	33.00);

DROP TABLE IF EXISTS `recursive_impositions`;
CREATE TABLE `recursive_impositions` (
  `id` int(10) unsigned NOT NULL AUTO_INCREMENT,
  `created` datetime NOT NULL,
  `modified` datetime NOT NULL,
  `imposition_id` int(10) unsigned NOT NULL,
  `from` date NOT NULL,
  `to` date DEFAULT NULL,
  `imposition_period_id` int(10) unsigned NOT NULL,
  PRIMARY KEY (`id`)
) ENGINE=InnoDB DEFAULT CHARSET=utf8 COLLATE=utf8_czech_ci;

INSERT INTO `recursive_impositions` (`id`, `created`, `modified`, `imposition_id`, `from`, `to`, `imposition_period_id`) VALUES
(1,	'2013-01-24 19:43:50',	'2013-01-24 19:43:50',	1,	'2013-01-24',	NULL,	2);

DROP TABLE IF EXISTS `solution_states`;
CREATE TABLE `solution_states` (
  `id` int(10) unsigned NOT NULL AUTO_INCREMENT,
  `created` datetime NOT NULL,
  `modified` datetime NOT NULL,
  `name` varchar(50) COLLATE utf8_czech_ci NOT NULL,
  `opened` tinyint(1) NOT NULL,
  PRIMARY KEY (`id`)
) ENGINE=InnoDB DEFAULT CHARSET=utf8 COLLATE=utf8_czech_ci;

INSERT INTO `solution_states` (`id`, `created`, `modified`, `name`, `opened`) VALUES
(2,	'2011-08-06 10:40:09',	'2011-08-06 10:40:09',	'k vyřešení',	1),
(3,	'2011-08-06 10:40:27',	'2011-08-06 10:40:27',	'vyřešeno',	0);

DROP TABLE IF EXISTS `solutions`;
CREATE TABLE `solutions` (
  `id` int(10) unsigned NOT NULL AUTO_INCREMENT,
  `created` datetime NOT NULL,
  `modified` datetime NOT NULL,
  `imposition_id` int(10) unsigned NOT NULL,
  `solution_state_id` int(10) unsigned NOT NULL,
  `accomplishment_date` date NOT NULL,
  `note` text COLLATE utf8_czech_ci NOT NULL,
  PRIMARY KEY (`id`)
) ENGINE=InnoDB DEFAULT CHARSET=utf8 COLLATE=utf8_czech_ci;

INSERT INTO `solutions` (`id`, `created`, `modified`, `imposition_id`, `solution_state_id`, `accomplishment_date`, `note`) VALUES
(1,	'2013-01-24 19:43:50',	'2013-01-24 20:00:51',	1,	3,	'2013-01-24',	''),
(111,	'2013-01-29 21:22:18',	'2013-01-29 21:22:18',	7,	2,	'2013-01-29',	'');

DROP TABLE IF EXISTS `store_items`;
CREATE TABLE `store_items` (
  `id` int(10) unsigned NOT NULL AUTO_INCREMENT,
  `created` datetime NOT NULL,
  `modified` datetime NOT NULL,
  `business_partner_id` int(10) unsigned NOT NULL,
  `product_id` int(10) unsigned NOT NULL,
  `quantity` int(10) NOT NULL,
  PRIMARY KEY (`id`)
) ENGINE=InnoDB DEFAULT CHARSET=utf8 COLLATE=utf8_czech_ci;

INSERT INTO `store_items` (`id`, `created`, `modified`, `business_partner_id`, `product_id`, `quantity`) VALUES
(315,	'2013-07-06 14:46:46',	'2013-07-06 14:46:46',	30,	13,	1),
(316,	'2013-07-07 09:25:33',	'2013-07-07 09:25:33',	154,	22,	10),
(317,	'2013-07-07 09:25:33',	'2013-07-07 09:25:33',	154,	23,	6),
(318,	'2013-07-07 09:25:33',	'2013-07-07 09:25:33',	154,	24,	6),
(319,	'2013-07-07 09:25:33',	'2013-07-07 09:25:33',	154,	25,	4),
(340,	'2013-07-07 11:45:48',	'2013-07-07 11:45:48',	156,	40,	3),
(342,	'2013-07-07 11:45:48',	'2013-07-07 11:50:54',	156,	41,	2),
(343,	'2013-07-07 11:45:48',	'2013-08-20 16:43:19',	156,	36,	9),
(344,	'2013-07-07 11:45:48',	'2013-07-07 11:45:48',	156,	42,	3),
(345,	'2013-07-07 11:45:48',	'2013-07-07 11:45:48',	156,	43,	3),
(346,	'2013-07-07 11:45:48',	'2013-08-12 14:14:48',	156,	45,	2),
(347,	'2013-07-07 11:45:49',	'2013-08-12 14:14:48',	156,	44,	4),
(348,	'2013-07-07 11:45:49',	'2013-07-07 12:52:55',	156,	47,	1),
(349,	'2013-07-07 11:45:49',	'2013-08-20 16:43:19',	156,	46,	8),
(350,	'2013-07-07 11:45:49',	'2013-08-20 16:43:19',	156,	48,	2),
(351,	'2013-07-07 11:45:49',	'2013-07-07 11:45:49',	156,	49,	3),
(352,	'2013-07-07 11:45:49',	'2013-07-07 11:45:49',	156,	50,	3),
(353,	'2013-07-07 11:45:49',	'2013-07-07 11:45:49',	156,	51,	3),
(354,	'2013-07-07 11:45:49',	'2013-08-20 16:43:19',	156,	52,	2),
(355,	'2013-07-07 11:45:49',	'2013-07-07 11:45:49',	156,	53,	3),
(356,	'2013-07-07 11:45:49',	'2013-07-07 11:45:49',	156,	54,	3),
(357,	'2013-07-07 11:45:49',	'2013-07-07 11:45:49',	156,	55,	3),
(366,	'2013-07-07 11:50:59',	'2013-07-07 11:50:59',	156,	38,	1),
(367,	'2013-07-07 11:50:59',	'2013-07-24 13:52:04',	156,	39,	4),
(371,	'2013-07-07 12:48:13',	'2013-07-07 12:48:13',	156,	26,	10),
(372,	'2013-07-07 12:48:13',	'2013-07-07 12:48:13',	156,	27,	10),
(373,	'2013-07-07 12:48:13',	'2013-07-07 12:48:13',	156,	28,	10),
(382,	'2013-07-09 11:50:43',	'2013-08-09 12:11:23',	100,	56,	6),
(383,	'2013-07-09 11:50:43',	'2013-08-26 13:55:29',	100,	31,	13),
(384,	'2013-07-09 11:50:43',	'2013-08-27 10:00:49',	100,	57,	12),
(385,	'2013-07-09 11:50:43',	'2013-08-16 11:50:13',	100,	58,	5),
(386,	'2013-07-09 21:25:20',	'2013-07-22 14:44:07',	158,	33,	5),
(388,	'2013-07-09 21:33:18',	'2013-08-27 12:40:24',	159,	60,	35),
(389,	'2013-07-09 21:54:18',	'2013-08-23 11:22:57',	157,	29,	163),
(390,	'2013-07-09 21:54:18',	'2013-08-23 11:22:58',	157,	61,	45),
(391,	'2013-07-09 21:54:18',	'2013-07-30 15:58:10',	157,	62,	65),
(407,	'2013-07-09 22:13:54',	'2013-08-23 11:22:57',	157,	33,	47),
(416,	'2013-07-10 13:55:28',	'2013-07-30 15:58:10',	157,	30,	8),
(417,	'2013-07-10 21:03:38',	'2013-08-27 13:01:41',	160,	15,	105),
(418,	'2013-07-10 21:03:38',	'2013-07-10 21:38:28',	160,	16,	4),
(419,	'2013-07-10 21:03:38',	'2013-08-27 13:01:41',	160,	17,	67),
(420,	'2013-07-10 21:03:38',	'2013-08-27 13:01:41',	160,	18,	34),
(421,	'2013-07-10 21:10:35',	'2013-08-22 11:47:34',	160,	19,	39),
(422,	'2013-07-10 21:10:35',	'2013-08-22 11:47:34',	160,	20,	39),
(423,	'2013-07-10 21:10:35',	'2013-08-27 13:01:41',	160,	21,	58),
(442,	'2013-07-10 21:40:09',	'2013-07-10 21:42:17',	160,	65,	19),
(443,	'2013-07-10 21:40:09',	'2013-07-10 21:40:09',	160,	66,	40),
(444,	'2013-07-10 21:40:09',	'2013-08-27 13:01:41',	160,	67,	40),
(445,	'2013-07-10 21:40:09',	'2013-07-10 21:40:09',	160,	68,	20),
(446,	'2013-07-10 21:40:09',	'2013-08-02 15:46:16',	160,	69,	-6),
(447,	'2013-07-10 21:40:09',	'2013-08-02 15:46:16',	160,	70,	5),
(448,	'2013-07-10 22:26:30',	'2013-08-23 11:46:21',	161,	71,	77),
(451,	'2013-07-10 22:26:30',	'2013-08-23 11:46:21',	161,	77,	137),
(452,	'2013-07-10 22:27:30',	'2013-08-23 11:46:21',	161,	78,	0),
(453,	'2013-07-10 22:31:10',	'2013-08-23 11:46:21',	161,	79,	22),
(454,	'2013-07-10 22:31:10',	'2013-08-27 13:03:13',	161,	80,	167),
(466,	'2013-07-10 22:51:29',	'2013-08-27 13:03:13',	161,	74,	67),
(472,	'2013-07-10 22:54:11',	'2013-08-20 17:29:21',	161,	72,	12),
(473,	'2013-07-10 22:54:11',	'2013-08-27 13:03:13',	161,	75,	63),
(480,	'2013-07-10 22:55:43',	'2013-08-22 14:41:35',	161,	81,	19),
(481,	'2013-07-10 22:55:44',	'2013-07-10 22:55:44',	161,	18,	100),
(482,	'2013-07-10 22:55:44',	'2013-07-10 22:55:44',	161,	73,	5),
(483,	'2013-07-11 09:25:58',	'2013-08-07 17:03:18',	164,	82,	1),
(484,	'2013-07-11 09:25:58',	'2013-08-07 17:03:18',	164,	83,	1),
(485,	'2013-07-11 13:01:20',	'2013-07-11 13:01:20',	156,	84,	1),
(519,	'2013-07-22 14:18:03',	'2013-08-20 16:43:19',	156,	35,	16),
(520,	'2013-07-22 14:18:03',	'2013-08-12 14:14:48',	156,	102,	2),
(521,	'2013-07-22 14:18:03',	'2013-07-29 11:26:32',	156,	103,	6),
(522,	'2013-07-22 22:05:21',	'2013-07-22 22:10:41',	163,	104,	2),
(523,	'2013-07-22 22:05:21',	'2013-07-22 22:05:21',	163,	105,	5),
(524,	'2013-07-22 22:05:21',	'2013-07-22 22:07:35',	163,	106,	1),
(525,	'2013-07-22 22:05:21',	'2013-07-22 22:10:41',	163,	107,	2),
(526,	'2013-07-22 22:05:21',	'2013-07-24 11:24:27',	163,	108,	5),
(527,	'2013-07-22 22:05:21',	'2013-07-22 22:05:21',	163,	109,	2),
(528,	'2013-07-22 22:05:21',	'2013-07-22 22:05:21',	163,	110,	2),
(529,	'2013-07-22 22:05:21',	'2013-07-22 22:10:41',	163,	111,	1),
(531,	'2013-07-22 22:05:21',	'2013-07-22 22:05:21',	163,	113,	2),
(532,	'2013-07-22 22:05:21',	'2013-07-22 22:05:21',	163,	114,	1),
(533,	'2013-07-22 22:05:21',	'2013-07-22 22:05:21',	163,	115,	3),
(534,	'2013-07-22 22:05:21',	'2013-07-22 22:05:21',	163,	116,	3),
(535,	'2013-07-22 22:05:21',	'2013-07-22 22:05:21',	163,	117,	3),
(536,	'2013-07-22 22:05:21',	'2013-07-22 22:05:21',	163,	118,	3),
(537,	'2013-07-22 22:05:21',	'2013-07-22 22:10:41',	163,	119,	1),
(541,	'2013-07-22 22:05:21',	'2013-07-22 22:05:21',	163,	123,	2),
(542,	'2013-07-23 09:20:13',	'2013-08-23 11:22:57',	157,	63,	47),
(543,	'2013-07-23 16:15:56',	'2013-08-28 13:29:20',	192,	124,	10),
(545,	'2013-07-23 16:15:56',	'2013-08-28 13:29:20',	192,	34,	10),
(546,	'2013-07-23 16:15:56',	'2013-08-28 13:29:21',	192,	125,	1),
(547,	'2013-07-23 16:15:56',	'2013-08-28 13:29:20',	192,	87,	9),
(549,	'2013-07-23 22:05:36',	'2013-08-26 14:00:17',	162,	85,	9),
(550,	'2013-07-23 22:05:36',	'2013-08-23 10:56:46',	162,	127,	2),
(551,	'2013-07-23 22:05:36',	'2013-08-26 14:00:17',	162,	124,	44),
(552,	'2013-07-23 22:14:37',	'2013-08-23 10:56:45',	162,	87,	9),
(553,	'2013-07-23 22:14:37',	'2013-07-23 22:29:13',	162,	128,	27),
(554,	'2013-07-23 22:14:37',	'2013-08-19 15:57:08',	162,	130,	8),
(555,	'2013-07-23 22:14:37',	'2013-07-23 22:29:13',	162,	131,	1),
(556,	'2013-07-23 22:14:37',	'2013-08-05 13:27:41',	162,	132,	14),
(563,	'2013-07-23 22:24:40',	'2013-08-14 11:47:31',	162,	129,	18),
(565,	'2013-07-24 13:52:04',	'2013-08-20 16:43:19',	156,	133,	35),
(566,	'2013-07-29 11:10:25',	'2013-08-28 13:29:21',	192,	135,	0),
(567,	'2013-07-29 11:10:25',	'2013-08-28 13:29:21',	192,	136,	1),
(568,	'2013-07-29 11:10:25',	'2013-08-28 13:29:21',	192,	57,	2),
(569,	'2013-07-30 15:58:06',	'2013-08-23 11:22:57',	157,	81,	17),
(570,	'2013-08-02 16:03:35',	'2013-08-22 11:47:34',	160,	138,	4),
(573,	'2013-08-06 21:13:26',	'2013-08-27 12:44:56',	155,	31,	1),
(574,	'2013-08-06 21:13:26',	'2013-08-08 14:53:34',	155,	32,	5),
(575,	'2013-08-06 21:13:26',	'2013-08-27 12:44:56',	155,	33,	7),
(577,	'2013-08-06 21:26:38',	'2013-08-27 12:44:56',	155,	93,	9),
(578,	'2013-08-06 21:26:38',	'2013-08-27 12:44:57',	155,	100,	10),
(579,	'2013-08-06 21:26:38',	'2013-08-27 12:44:56',	155,	88,	8),
(580,	'2013-08-06 21:26:38',	'2013-08-06 21:26:38',	155,	29,	7),
(581,	'2013-08-06 21:26:39',	'2013-08-20 15:39:36',	155,	98,	3),
(582,	'2013-08-06 21:26:39',	'2013-08-06 21:26:39',	155,	91,	3),
(583,	'2013-08-06 21:26:39',	'2013-08-27 12:44:56',	155,	94,	2),
(584,	'2013-08-06 21:26:39',	'2013-08-20 15:39:36',	155,	58,	7),
(585,	'2013-08-06 21:26:39',	'2013-08-27 12:44:56',	155,	86,	27),
(586,	'2013-08-06 21:26:39',	'2013-08-20 15:29:48',	155,	85,	11),
(587,	'2013-08-06 21:26:39',	'2013-08-27 12:44:56',	155,	95,	3),
(588,	'2013-08-06 21:26:39',	'2013-08-27 12:44:56',	155,	97,	0),
(590,	'2013-08-06 21:26:39',	'2013-08-08 14:53:33',	155,	96,	15),
(591,	'2013-08-06 21:26:39',	'2013-08-06 21:26:39',	155,	89,	5),
(592,	'2013-08-06 21:26:39',	'2013-08-20 15:29:48',	155,	90,	18),
(593,	'2013-08-06 21:26:39',	'2013-08-27 12:44:56',	155,	87,	11),
(594,	'2013-08-09 12:15:13',	'2013-08-27 10:00:49',	100,	103,	0),
(595,	'2013-08-12 10:20:44',	'2013-08-12 10:20:44',	199,	124,	50),
(597,	'2013-08-18 23:31:02',	'2013-08-20 15:29:48',	155,	34,	14),
(598,	'2013-08-18 23:36:58',	'2013-08-18 23:36:58',	155,	139,	4),
(599,	'2013-08-18 23:36:58',	'2013-08-20 15:39:36',	155,	140,	-1),
(600,	'2013-08-20 12:06:47',	'2013-08-20 12:06:47',	156,	141,	1),
(601,	'2013-08-20 16:43:19',	'2013-08-20 16:43:19',	156,	137,	-2),
(602,	'2013-08-23 08:42:13',	'2013-08-23 08:46:48',	58,	34,	0),
(603,	'2013-08-23 08:42:51',	'2013-08-23 08:46:48',	58,	10,	0),
(604,	'2013-08-23 08:43:45',	'2013-08-23 08:46:39',	58,	85,	0),
(605,	'2013-08-23 09:59:13',	'2013-08-23 09:59:13',	58,	11,	5),
(606,	'2013-08-23 10:54:25',	'2013-08-23 10:56:45',	162,	34,	0),
(607,	'2013-08-26 13:55:29',	'2013-08-27 10:00:49',	100,	142,	0),
(608,	'2013-08-27 12:44:57',	'2013-08-27 12:44:57',	155,	101,	-1),
(609,	'2013-08-27 13:07:28',	'2013-08-28 13:29:18',	192,	85,	10),
(610,	'2013-08-28 13:21:51',	'2013-08-28 13:29:21',	192,	126,	-2),
(611,	'2013-08-29 10:39:05',	'2013-08-29 10:39:05',	156,	143,	1);

DROP TABLE IF EXISTS `transaction_types`;
CREATE TABLE `transaction_types` (
  `id` int(10) unsigned NOT NULL AUTO_INCREMENT,
  `created` datetime NOT NULL,
  `modified` datetime NOT NULL,
  `name` varchar(50) COLLATE utf8_czech_ci NOT NULL,
  `subtract` tinyint(1) NOT NULL,
  PRIMARY KEY (`id`)
) ENGINE=InnoDB DEFAULT CHARSET=utf8 COLLATE=utf8_czech_ci;

INSERT INTO `transaction_types` (`id`, `created`, `modified`, `name`, `subtract`) VALUES
(1,	'2013-06-10 10:53:00',	'2013-06-10 10:53:00',	'dodací list',	0),
(3,	'2013-06-10 11:09:19',	'2013-06-10 11:09:31',	'prodej',	1);

DROP TABLE IF EXISTS `transactions`;
CREATE TABLE `transactions` (
  `id` int(10) unsigned NOT NULL AUTO_INCREMENT,
  `created` datetime NOT NULL,
  `modified` datetime NOT NULL,
  `code` varchar(20) COLLATE utf8_czech_ci NOT NULL,
  `business_partner_id` int(10) unsigned NOT NULL,
  `date` date NOT NULL,
  `time` time NOT NULL,
  `transaction_type_id` int(10) unsigned NOT NULL,
  `user_id` int(10) unsigned NOT NULL,
  PRIMARY KEY (`id`)
) ENGINE=InnoDB DEFAULT CHARSET=utf8 COLLATE=utf8_czech_ci;

INSERT INTO `transactions` (`id`, `created`, `modified`, `code`, `business_partner_id`, `date`, `time`, `transaction_type_id`, `user_id`) VALUES
(380,	'2013-07-06 14:28:09',	'2013-07-06 14:46:46',	'd380',	30,	'2013-07-06',	'14:28:00',	1,	1),
(381,	'2013-07-07 09:25:33',	'2013-07-07 09:25:33',	'd381',	154,	'2013-07-01',	'09:22:00',	1,	11),
(382,	'2013-07-07 09:55:22',	'2013-07-07 12:48:13',	'd382',	156,	'2013-07-04',	'09:54:00',	1,	11),
(383,	'2013-07-07 10:03:51',	'2013-07-10 13:55:28',	'd383',	157,	'2013-07-02',	'09:59:00',	1,	11),
(384,	'2013-07-07 10:13:32',	'2013-08-06 21:26:38',	'd384',	155,	'2013-08-06',	'10:05:00',	1,	11),
(385,	'2013-07-07 10:32:22',	'2013-07-07 11:50:54',	'd385',	156,	'2013-06-21',	'09:26:00',	1,	11),
(386,	'2013-07-07 10:40:11',	'2013-07-07 11:50:59',	'd386',	156,	'2013-06-27',	'09:58:00',	1,	11),
(387,	'2013-07-07 11:45:48',	'2013-07-07 11:45:48',	'd387',	156,	'2013-06-07',	'10:44:00',	1,	11),
(388,	'2013-07-07 11:50:54',	'2013-07-07 11:50:54',	'p388',	156,	'2013-06-20',	'11:48:00',	3,	11),
(389,	'2013-07-07 12:48:13',	'2013-07-07 12:48:13',	'p389',	156,	'2013-07-01',	'12:46:00',	3,	11),
(390,	'2013-07-07 12:52:55',	'2013-07-07 12:52:55',	'p390',	156,	'2013-07-04',	'12:48:00',	3,	11),
(391,	'2013-07-09 09:14:32',	'2013-07-09 11:50:43',	'd391',	100,	'2013-07-08',	'11:23:00',	1,	11),
(392,	'2013-07-09 11:48:46',	'2013-07-09 11:48:46',	'd392',	100,	'2013-06-26',	'08:10:00',	1,	11),
(393,	'2013-07-09 11:50:43',	'2013-07-09 11:50:43',	'p393',	100,	'2013-07-05',	'08:00:00',	3,	11),
(394,	'2013-07-09 15:57:50',	'2013-07-09 15:57:50',	'p394',	156,	'2013-07-09',	'15:00:00',	3,	11),
(395,	'2013-07-09 21:25:20',	'2013-07-09 21:34:52',	'd395',	158,	'2013-05-29',	'10:02:00',	1,	11),
(396,	'2013-07-09 21:33:18',	'2013-07-09 21:33:18',	'd396',	159,	'2013-06-19',	'10:32:00',	1,	11),
(397,	'2013-07-09 21:54:18',	'2013-07-09 21:54:18',	'd397',	157,	'2013-04-29',	'10:30:00',	1,	11),
(398,	'2013-07-09 21:57:42',	'2013-07-09 22:12:24',	'd398',	157,	'2013-05-17',	'09:56:00',	1,	11),
(399,	'2013-07-09 22:00:22',	'2013-07-09 22:13:54',	'd399',	157,	'2013-05-27',	'09:58:00',	1,	11),
(400,	'2013-07-09 22:03:36',	'2013-07-10 13:55:14',	'd400',	157,	'2013-05-31',	'09:01:00',	1,	11),
(401,	'2013-07-09 22:05:10',	'2013-07-10 13:55:19',	'd401',	157,	'2013-06-03',	'09:04:00',	1,	11),
(402,	'2013-07-09 22:06:43',	'2013-07-10 13:55:21',	'd402',	157,	'2013-06-13',	'09:06:00',	1,	11),
(403,	'2013-07-09 22:08:14',	'2013-07-10 13:55:23',	'd403',	157,	'2013-06-18',	'22:07:00',	1,	11),
(404,	'2013-07-09 22:10:00',	'2013-07-10 13:55:26',	'd404',	157,	'2013-06-26',	'09:09:00',	1,	11),
(405,	'2013-07-09 22:12:24',	'2013-07-09 22:12:24',	'p405',	157,	'2013-05-15',	'09:11:00',	3,	11),
(406,	'2013-07-09 22:13:54',	'2013-07-09 22:13:54',	'p406',	157,	'2013-05-21',	'09:13:00',	3,	11),
(407,	'2013-07-09 22:14:53',	'2013-07-09 22:14:53',	'p407',	157,	'2013-05-29',	'09:14:00',	3,	11),
(408,	'2013-07-09 22:16:11',	'2013-07-09 22:16:11',	'p408',	157,	'2013-05-30',	'09:15:00',	3,	11),
(409,	'2013-07-09 22:18:16',	'2013-07-10 13:55:21',	'p409',	157,	'2013-06-05',	'09:16:00',	3,	11),
(410,	'2013-07-09 22:20:32',	'2013-07-10 13:55:23',	'p410',	157,	'2013-06-13',	'09:18:00',	3,	11),
(411,	'2013-07-09 22:22:34',	'2013-07-10 13:55:28',	'p411',	157,	'2013-06-26',	'09:20:00',	3,	11),
(412,	'2013-07-10 10:23:41',	'2013-07-10 10:23:41',	'd412',	156,	'2013-07-10',	'10:23:00',	1,	11),
(413,	'2013-07-10 14:00:30',	'2013-07-10 14:01:55',	'p413',	157,	'2013-07-10',	'10:55:00',	3,	11),
(414,	'2013-07-10 21:03:38',	'2013-07-10 21:03:38',	'd414',	160,	'2013-05-21',	'09:55:00',	1,	11),
(415,	'2013-07-10 21:06:12',	'2013-07-10 21:06:12',	'd415',	160,	'2013-05-22',	'09:05:00',	1,	11),
(416,	'2013-07-10 21:10:35',	'2013-07-10 21:10:35',	'd416',	160,	'2013-05-31',	'09:08:00',	1,	11),
(417,	'2013-07-10 21:32:07',	'2013-07-10 21:40:09',	'd417',	160,	'2013-06-28',	'09:23:00',	1,	11),
(418,	'2013-07-10 21:34:36',	'2013-07-10 21:34:36',	'p418',	160,	'2013-06-14',	'09:33:00',	3,	11),
(419,	'2013-07-10 21:38:28',	'2013-07-10 21:38:28',	'p419',	160,	'2013-06-21',	'09:36:00',	3,	11),
(420,	'2013-07-10 21:40:09',	'2013-07-10 21:40:09',	'p420',	160,	'2013-06-24',	'09:39:00',	3,	11),
(421,	'2013-07-10 21:42:16',	'2013-07-10 21:42:16',	'p421',	160,	'2013-07-04',	'09:40:00',	3,	11),
(422,	'2013-07-10 22:26:29',	'2013-07-10 22:26:30',	'd422',	161,	'2013-05-15',	'09:21:00',	1,	11),
(423,	'2013-07-10 22:27:30',	'2013-07-10 22:27:30',	'd423',	161,	'2013-05-21',	'09:26:00',	1,	11),
(424,	'2013-07-10 22:31:10',	'2013-07-10 22:31:10',	'd424',	161,	'2013-05-28',	'09:30:00',	1,	11),
(425,	'2013-07-10 22:33:11',	'2013-07-10 22:33:11',	'd425',	161,	'2013-06-06',	'09:32:00',	1,	11),
(426,	'2013-07-10 22:35:42',	'2013-07-10 22:49:12',	'd426',	161,	'2013-06-10',	'09:34:00',	1,	11),
(427,	'2013-07-10 22:46:33',	'2013-07-10 22:55:43',	'd427',	161,	'2013-06-28',	'09:30:00',	1,	11),
(428,	'2013-07-10 22:49:12',	'2013-07-10 22:49:12',	'p428',	161,	'2013-06-07',	'09:47:00',	3,	11),
(429,	'2013-07-10 22:51:29',	'2013-07-10 22:51:29',	'p429',	161,	'2013-06-14',	'09:49:00',	3,	11),
(430,	'2013-07-10 22:54:11',	'2013-07-10 22:54:11',	'p430',	161,	'2013-06-20',	'09:51:00',	3,	11),
(431,	'2013-07-10 22:55:16',	'2013-07-10 22:55:43',	'p431',	161,	'2013-06-24',	'09:54:00',	3,	11),
(432,	'2013-07-10 22:57:08',	'2013-07-10 22:57:08',	'p432',	161,	'2013-07-04',	'09:56:00',	3,	11),
(433,	'2013-07-10 23:01:34',	'2013-07-11 10:46:58',	'p433',	161,	'2013-07-09',	'09:57:00',	3,	11),
(434,	'2013-07-10 23:03:47',	'2013-07-10 23:03:47',	'p434',	160,	'2013-07-09',	'09:02:00',	3,	11),
(435,	'2013-07-11 09:25:58',	'2013-07-11 09:25:58',	'd435',	164,	'2013-05-30',	'09:25:00',	1,	11),
(436,	'2013-07-11 09:27:30',	'2013-07-11 09:30:39',	'd436',	164,	'2013-06-21',	'09:25:00',	1,	11),
(437,	'2013-07-11 09:30:39',	'2013-07-11 09:30:39',	'p437',	164,	'2013-06-20',	'09:29:00',	3,	11),
(438,	'2013-07-11 09:31:29',	'2013-07-11 09:31:29',	'p438',	164,	'2013-06-26',	'09:30:00',	3,	11),
(439,	'2013-07-11 10:45:40',	'2013-07-11 10:45:40',	'p439',	161,	'2013-07-09',	'09:42:00',	3,	11),
(440,	'2013-07-11 10:48:41',	'2013-07-11 10:48:41',	'p440',	160,	'2013-07-09',	'09:47:00',	3,	11),
(441,	'2013-07-11 13:01:20',	'2013-07-11 13:01:20',	'd441',	156,	'2013-07-11',	'12:57:00',	1,	11),
(442,	'2013-07-11 14:26:52',	'2013-07-11 14:26:52',	'd442',	156,	'2013-07-11',	'14:26:00',	1,	11),
(443,	'2013-07-11 15:52:40',	'2013-07-11 15:52:40',	'p443',	156,	'2013-07-11',	'15:51:00',	3,	11),
(446,	'2013-07-19 15:43:12',	'2013-07-19 15:43:12',	'p446',	160,	'2013-07-19',	'10:30:00',	3,	11),
(447,	'2013-07-19 15:48:30',	'2013-07-19 15:48:30',	'p447',	100,	'2013-07-19',	'12:46:00',	3,	11),
(448,	'2013-07-22 14:08:41',	'2013-07-22 14:08:41',	'p448',	156,	'2013-07-22',	'14:06:00',	3,	11),
(449,	'2013-07-22 14:18:03',	'2013-07-22 14:18:03',	'd449',	156,	'2013-07-22',	'14:10:00',	1,	11),
(450,	'2013-07-22 14:44:06',	'2013-07-22 14:44:07',	'p450',	158,	'2013-07-22',	'14:43:00',	3,	11),
(451,	'2013-07-22 22:05:21',	'2013-07-22 22:05:21',	'd451',	163,	'2013-05-29',	'09:50:00',	1,	11),
(452,	'2013-07-22 22:06:28',	'2013-07-22 22:10:41',	'd452',	163,	'2013-07-19',	'10:05:00',	1,	11),
(453,	'2013-07-22 22:07:35',	'2013-07-22 22:07:35',	'p453',	163,	'2013-06-20',	'08:06:00',	3,	11),
(454,	'2013-07-22 22:10:41',	'2013-07-22 22:10:41',	'p454',	163,	'2013-07-19',	'08:07:00',	3,	11),
(455,	'2013-07-23 09:20:13',	'2013-07-23 09:20:13',	'd455',	157,	'2013-07-23',	'08:19:00',	1,	11),
(456,	'2013-07-23 15:11:00',	'2013-07-23 15:11:00',	'p456',	161,	'2013-07-23',	'15:09:00',	3,	11),
(457,	'2013-07-23 16:15:56',	'2013-08-28 13:29:11',	'd457',	192,	'2013-07-23',	'16:14:00',	1,	11),
(458,	'2013-07-23 22:05:36',	'2013-07-23 22:14:37',	'd458',	162,	'2013-03-20',	'09:03:00',	1,	11),
(459,	'2013-07-23 22:15:35',	'2013-07-23 22:24:40',	'd459',	162,	'2013-05-27',	'08:14:00',	1,	11),
(460,	'2013-07-23 22:16:32',	'2013-07-23 22:24:43',	'd460',	162,	'2013-06-14',	'09:15:00',	1,	11),
(461,	'2013-07-23 22:18:43',	'2013-07-23 22:18:43',	'p461',	162,	'2013-04-08',	'08:17:00',	3,	11),
(462,	'2013-07-23 22:19:37',	'2013-07-23 22:19:37',	'p462',	162,	'2013-04-22',	'08:18:00',	3,	11),
(463,	'2013-07-23 22:20:16',	'2013-07-23 22:20:16',	'p463',	162,	'2013-04-26',	'08:19:00',	3,	11),
(464,	'2013-07-23 22:22:55',	'2013-07-23 22:22:55',	'p464',	162,	'2013-04-30',	'08:20:00',	3,	11),
(465,	'2013-07-23 22:24:00',	'2013-07-23 22:24:00',	'p465',	162,	'2013-05-03',	'08:23:00',	3,	11),
(466,	'2013-07-23 22:24:40',	'2013-07-23 22:24:40',	'p466',	162,	'2013-05-10',	'09:24:00',	3,	11),
(467,	'2013-07-23 22:29:13',	'2013-07-23 22:29:13',	'p467',	162,	'2013-07-18',	'08:25:00',	3,	11),
(468,	'2013-07-24 11:24:27',	'2013-07-24 11:24:27',	'p468',	163,	'2013-07-24',	'11:24:00',	3,	11),
(470,	'2013-07-24 13:52:04',	'2013-07-24 13:52:04',	'd470',	156,	'2013-07-24',	'13:51:00',	1,	11),
(471,	'2013-07-25 10:53:57',	'2013-07-25 10:53:57',	'p471',	156,	'2013-07-25',	'10:52:00',	3,	11),
(472,	'2013-07-25 12:35:26',	'2013-07-25 12:35:26',	'p472',	164,	'2013-07-25',	'12:32:00',	3,	11),
(473,	'2013-07-26 13:45:02',	'2013-07-26 13:45:02',	'p473',	160,	'2013-07-26',	'13:44:00',	3,	11),
(474,	'2013-07-26 13:49:45',	'2013-07-26 13:49:45',	'p474',	161,	'2013-07-26',	'13:49:00',	3,	11),
(475,	'2013-07-29 10:59:07',	'2013-07-29 10:59:07',	'd475',	100,	'2013-07-29',	'10:58:00',	1,	11),
(476,	'2013-07-29 11:10:25',	'2013-08-28 13:29:15',	'd476',	192,	'2013-07-29',	'11:09:00',	1,	11),
(477,	'2013-07-29 11:26:32',	'2013-07-29 11:26:32',	'd477',	156,	'2013-07-29',	'11:24:00',	1,	11),
(478,	'2013-07-30 14:11:32',	'2013-07-30 15:58:10',	'p478',	157,	'2013-07-30',	'14:09:00',	3,	11),
(479,	'2013-07-30 15:58:06',	'2013-07-30 15:58:06',	'd479',	157,	'2013-07-24',	'15:57:00',	1,	11),
(480,	'2013-08-01 16:12:19',	'2013-08-01 16:12:19',	'd480',	156,	'2013-08-01',	'16:11:00',	1,	11),
(481,	'2013-08-02 13:50:23',	'2013-08-02 13:50:23',	'p481',	156,	'2013-08-02',	'13:49:00',	3,	11),
(482,	'2013-08-02 15:35:37',	'2013-08-02 15:35:37',	'p482',	161,	'2013-08-02',	'15:33:00',	3,	11),
(483,	'2013-08-02 15:46:16',	'2013-08-02 15:46:16',	'p483',	160,	'2013-08-02',	'15:38:00',	3,	11),
(484,	'2013-08-02 16:03:35',	'2013-08-02 16:03:35',	'd484',	160,	'2013-08-02',	'16:03:00',	1,	11),
(485,	'2013-08-05 11:06:11',	'2013-08-05 11:06:11',	'p485',	161,	'2013-08-05',	'11:05:00',	3,	11),
(486,	'2013-08-05 13:27:41',	'2013-08-05 13:27:41',	'p486',	162,	'2013-08-05',	'13:27:00',	3,	11),
(487,	'2013-08-06 14:53:46',	'2013-08-28 13:29:17',	'p487',	192,	'2013-08-06',	'14:52:00',	3,	11),
(488,	'2013-08-07 17:03:18',	'2013-08-07 17:03:18',	'p488',	164,	'2013-08-07',	'17:02:00',	3,	11),
(489,	'2013-08-08 11:07:00',	'2013-08-08 11:07:00',	'd489',	155,	'2013-08-08',	'11:05:00',	1,	11),
(490,	'2013-08-08 14:49:42',	'2013-08-08 14:53:32',	'p490',	155,	'2013-08-08',	'14:47:00',	3,	11),
(491,	'2013-08-09 12:11:20',	'2013-08-09 12:11:21',	'p491',	100,	'2013-08-09',	'12:10:00',	3,	11),
(492,	'2013-08-09 12:15:13',	'2013-08-09 12:15:13',	'd492',	100,	'2013-08-09',	'12:14:00',	1,	11),
(493,	'2013-08-12 10:20:44',	'2013-08-12 10:20:44',	'd493',	199,	'2013-08-12',	'10:20:00',	1,	11),
(494,	'2013-08-12 14:14:48',	'2013-08-12 14:14:48',	'p494',	156,	'2013-08-12',	'14:12:00',	3,	11),
(495,	'2013-08-14 11:47:20',	'2013-08-14 11:47:31',	'p495',	162,	'2013-08-14',	'11:47:00',	3,	11),
(496,	'2013-08-16 11:50:13',	'2013-08-16 11:50:13',	'p496',	100,	'2013-08-16',	'11:49:00',	3,	11),
(497,	'2013-08-18 23:30:38',	'2013-08-18 23:31:02',	'd497',	155,	'2013-08-18',	'23:08:00',	1,	11),
(498,	'2013-08-18 23:31:02',	'2013-08-18 23:31:02',	'p498',	155,	'2013-08-18',	'23:05:00',	3,	11),
(499,	'2013-08-18 23:36:58',	'2013-08-18 23:36:58',	'd499',	155,	'2013-08-18',	'23:36:00',	1,	11),
(500,	'2013-08-19 15:49:12',	'2013-08-19 15:49:12',	'p500',	161,	'2013-08-19',	'15:48:00',	3,	11),
(501,	'2013-08-19 15:57:08',	'2013-08-19 15:57:08',	'p501',	162,	'2013-08-19',	'15:56:00',	3,	11),
(502,	'2013-08-20 12:03:31',	'2013-08-20 12:06:47',	'd502',	156,	'2013-08-20',	'12:03:00',	1,	11),
(503,	'2013-08-20 15:29:48',	'2013-08-20 15:29:48',	'd503',	155,	'2013-08-20',	'15:28:00',	1,	11),
(504,	'2013-08-20 15:39:36',	'2013-08-20 15:39:36',	'p504',	155,	'2013-08-20',	'15:35:00',	3,	11),
(505,	'2013-08-20 16:43:19',	'2013-08-20 16:43:19',	'p505',	156,	'2013-08-20',	'16:40:00',	3,	11),
(506,	'2013-08-20 17:29:21',	'2013-08-20 17:29:21',	'p506',	161,	'2013-08-20',	'17:28:00',	3,	11),
(507,	'2013-08-22 11:43:32',	'2013-08-22 11:43:32',	'p507',	161,	'2013-08-22',	'11:43:00',	3,	11),
(508,	'2013-08-22 11:47:34',	'2013-08-22 11:47:34',	'p508',	160,	'2013-08-22',	'11:44:00',	3,	11),
(509,	'2013-08-22 11:53:27',	'2013-08-22 11:53:27',	'p509',	162,	'2013-08-22',	'11:53:00',	3,	11),
(510,	'2013-08-22 14:39:38',	'2013-08-22 14:41:35',	'p510',	161,	'2013-08-22',	'14:38:00',	3,	11),
(514,	'2013-08-23 09:59:13',	'2013-08-23 09:59:13',	'd514',	58,	'2013-08-23',	'09:58:00',	1,	1),
(515,	'2013-08-23 10:54:25',	'2013-08-23 10:56:45',	'p515',	162,	'2013-08-23',	'10:49:00',	3,	11),
(516,	'2013-08-23 11:22:57',	'2013-08-23 11:22:57',	'p516',	157,	'2013-08-23',	'11:21:00',	3,	11),
(517,	'2013-08-23 11:45:45',	'2013-08-23 11:46:20',	'p517',	161,	'2013-08-23',	'11:26:00',	3,	11),
(518,	'2013-08-26 13:53:23',	'2013-08-26 13:55:29',	'd518',	100,	'2013-08-26',	'13:50:00',	1,	11),
(519,	'2013-08-26 14:00:17',	'2013-08-26 14:00:17',	'd519',	162,	'2013-08-26',	'13:59:00',	1,	11),
(520,	'2013-08-27 09:59:33',	'2013-08-27 10:00:49',	'p520',	100,	'2013-08-27',	'09:59:00',	3,	11),
(521,	'2013-08-27 12:40:24',	'2013-08-27 12:40:24',	'p521',	159,	'2013-08-27',	'12:40:00',	3,	11),
(522,	'2013-08-27 12:44:56',	'2013-08-27 12:44:56',	'p522',	155,	'2013-08-27',	'12:41:00',	3,	11),
(523,	'2013-08-27 13:01:41',	'2013-08-27 13:01:41',	'p523',	160,	'2013-08-27',	'13:00:00',	3,	11),
(524,	'2013-08-27 13:03:13',	'2013-08-27 13:03:13',	'p524',	161,	'2013-08-27',	'13:02:00',	3,	11),
(525,	'2013-08-27 13:07:28',	'2013-08-28 13:29:18',	'd525',	192,	'2013-08-27',	'13:06:00',	1,	11),
(526,	'2013-08-28 13:21:51',	'2013-08-28 13:29:20',	'p526',	192,	'2013-08-28',	'13:16:00',	3,	11),
(527,	'2013-08-29 10:39:05',	'2013-08-29 10:39:05',	'd527',	156,	'2013-08-29',	'10:38:00',	1,	11);

DROP TABLE IF EXISTS `units`;
CREATE TABLE `units` (
  `id` int(10) unsigned NOT NULL AUTO_INCREMENT,
  `created` datetime NOT NULL,
  `modified` datetime NOT NULL,
  `name` varchar(20) COLLATE utf8_czech_ci NOT NULL,
  `shortcut` varchar(5) COLLATE utf8_czech_ci NOT NULL,
  PRIMARY KEY (`id`)
) ENGINE=InnoDB DEFAULT CHARSET=utf8 COLLATE=utf8_czech_ci;

INSERT INTO `units` (`id`, `created`, `modified`, `name`, `shortcut`) VALUES
(2,	'2013-06-07 16:26:12',	'2013-06-14 17:41:57',	'kus',	'ks.'),
(3,	'2013-06-07 16:26:28',	'2013-06-14 17:42:02',	'balení',	'bal.'),
(4,	'2013-06-15 11:20:35',	'2013-06-15 11:20:35',	'pár',	'pár');

DROP TABLE IF EXISTS `user_regions`;
CREATE TABLE `user_regions` (
  `id` int(10) unsigned NOT NULL AUTO_INCREMENT,
  `created` datetime NOT NULL,
  `modified` datetime NOT NULL,
  `user_id` int(10) unsigned NOT NULL,
  `name` varchar(100) COLLATE utf8_czech_ci NOT NULL,
  `zip` varchar(5) COLLATE utf8_czech_ci NOT NULL,
  PRIMARY KEY (`id`)
) ENGINE=InnoDB DEFAULT CHARSET=utf8 COLLATE=utf8_czech_ci;


DROP TABLE IF EXISTS `user_types`;
CREATE TABLE `user_types` (
  `id` int(10) unsigned NOT NULL AUTO_INCREMENT,
  `created` datetime NOT NULL,
  `modified` datetime NOT NULL,
  `name` varchar(50) COLLATE utf8_czech_ci NOT NULL,
  PRIMARY KEY (`id`)
) ENGINE=InnoDB DEFAULT CHARSET=utf8 COLLATE=utf8_czech_ci;

INSERT INTO `user_types` (`id`, `created`, `modified`, `name`) VALUES
(1,	'2011-02-03 15:13:33',	'2011-02-03 15:13:33',	'admin'),
(2,	'2011-02-03 15:13:39',	'2011-02-03 15:13:39',	'manager'),
(3,	'2011-02-03 15:14:00',	'2011-02-03 15:14:00',	'user');

DROP TABLE IF EXISTS `users`;
CREATE TABLE `users` (
  `id` int(10) unsigned NOT NULL AUTO_INCREMENT,
  `created` datetime NOT NULL,
  `modified` datetime NOT NULL,
  `first_name` varchar(150) COLLATE utf8_czech_ci NOT NULL,
  `last_name` varchar(150) COLLATE utf8_czech_ci NOT NULL,
  `phone` varchar(17) COLLATE utf8_czech_ci NOT NULL,
  `email` varchar(150) COLLATE utf8_czech_ci NOT NULL,
  `login` varchar(20) COLLATE utf8_czech_ci NOT NULL,
  `password` varchar(32) COLLATE utf8_czech_ci NOT NULL,
  `user_type_id` int(10) unsigned NOT NULL,
  PRIMARY KEY (`id`)
) ENGINE=InnoDB DEFAULT CHARSET=utf8 COLLATE=utf8_czech_ci;

INSERT INTO `users` (`id`, `created`, `modified`, `first_name`, `last_name`, `phone`, `email`, `login`, `password`, `user_type_id`) VALUES
(1,	'0000-00-00 00:00:00',	'2011-03-02 11:28:07',	'Martin',	'Polák',	'123123124',	'brko11@gmail.com',	'brko',	'129fffb94952a61866c198a7d5d9c516',	1),
(9,	'2011-08-18 08:39:26',	'2011-08-18 08:39:26',	'Vladimír',	'Tovarňák',	'+420775085236',	'vlado.tovarnak@gmail.com',	'vlado.tova',	'86266ee937d97f812a8e57d22b62ee29',	1),
(10,	'2013-01-22 19:23:38',	'2013-06-15 14:19:51',	'Martin',	'Drdla',	'123123123',	'sales@meavita.cz',	'drdla',	'ebed3e79a5806e6c181c841972b641ef',	1),
(11,	'2013-01-24 20:06:03',	'2013-08-26 11:37:52',	'Radovan',	'Kramář',	'602773176',	'pharmacorp@pharmacorp.cz',	'kramar',	'a424ed4bd3a7d6aea720b86d4a360f75',	3),
(12,	'2013-01-24 20:07:52',	'2013-01-24 20:07:52',	'Zdena',	'Klímová',	'722779110',	'objednavky@meavita.cz',	'klimova',	'8fcdeac5387c47148b706ec3f4927f0c',	2),
(13,	'2013-01-24 20:10:41',	'2013-01-24 20:10:41',	'Lukáš',	'Neustupa',	'602773453',	'meavita@meavita.cz',	'neustupa',	'5f9e71dcbf1a99e81144f9ff3a4c597d',	1),
(14,	'2013-02-19 14:42:31',	'2013-02-19 14:42:31',	'user',	'user',	'123123123',	'martin.polak@mokra.cz',	'user',	'ee11cbb19052e40b07aac0ca060c23ee',	3),
(15,	'2013-02-19 14:45:51',	'2013-02-19 14:45:51',	'manager',	'manager',	'123123123',	'gaetana.lb@gmail.com',	'manager',	'1d0258c2440a8d19e716292b231e3190',	2);

-- 2013-08-29 11:52:17
